Pixel,Wavelength,Processed,Raw,Dark,Reference
0,341.78,0,890,890,
1,342.11,28.33,920,856,
2,342.44,32.67,882,861,
3,342.77,15,880,867,
4,343.1,22.67,880,869,
5,343.43,25.33,905,861,
6,343.76,26.67,884,863,
7,344.09,17.67,880,865,
8,344.42,21.33,886,869,
9,344.75,26,880,848,
10,345.09,24.67,888,859,
11,345.42,21.67,882,869,
12,345.75,19,884,861,
13,346.08,24.33,884,863,
14,346.41,26.33,890,861,
15,346.74,23.67,892,863,
16,347.07,21.67,884,871,
17,347.4,14,877,854,
18,347.73,16,886,880,
19,348.06,9.67,888,869,
20,348.4,17.33,865,861,
21,348.73,20.33,890,861,
22,349.06,29,884,856,
23,349.39,21.67,886,856,
24,349.72,22.33,880,873,
25,350.05,26.33,897,867,
26,350.38,38.33,888,846,
27,350.71,39,880,837,
28,351.04,32.33,901,869,
29,351.37,23.33,880,858,
30,351.71,21,877,861,
31,352.04,17.33,894,869,
32,352.37,12.67,884,873,
33,352.7,15.67,875,873,
34,353.03,21.33,892,858,
35,353.36,27,903,875,
36,353.69,21.67,886,867,
37,354.02,22,877,859,
38,354.36,32.67,892,863,
39,354.69,37.33,903,852,
40,355.02,31.33,873,841,
41,355.35,18.67,884,873,
42,355.68,13.67,880,867,
43,356.01,31,873,856,
44,356.34,38,886,823,
45,356.67,36.67,892,858,
46,357.01,24.67,884,871,
47,357.34,28.33,892,865,
48,357.67,34,903,858,
49,358,35.67,886,856,
50,358.33,25.67,880,848,
51,358.66,25.67,884,869,
52,358.99,29.67,888,858,
53,359.33,32.33,896,852,
54,359.66,35.33,877,854,
55,359.99,30.67,897,858,
56,360.32,30.67,880,850,
57,360.65,29,873,850,
58,360.98,23.33,890,856,
59,361.31,13,886,873,
60,361.65,12,869,877,
61,361.98,26.67,892,861,
62,362.31,32.67,920,863,
63,362.64,27,869,859,
64,362.97,16.33,873,859,
65,363.3,21.67,890,865,
66,363.63,25,882,856,
67,363.97,24.33,878,854,
68,364.3,18.33,882,859,
69,364.63,11.67,877,869,
70,364.96,20,869,865,
71,365.29,25,892,844,
72,365.62,28,892,869,
73,365.95,28.33,878,865,
74,366.29,41,905,856,
75,366.62,47.33,915,854,
76,366.95,39.33,903,871,
77,367.28,34,884,859,
78,367.61,29,901,856,
79,367.94,25.67,884,867,
80,368.28,20,878,863,
81,368.61,26,884,856,
82,368.94,24,894,859,
83,369.27,26,878,869,
84,369.6,25,878,844,
85,369.93,21.33,897,865,
86,370.27,23.33,884,886,
87,370.6,21.33,892,852,
88,370.93,27,884,858,
89,371.26,21.33,890,875,
90,371.59,18.67,882,859,
91,371.92,23,877,859,
92,372.26,25.33,882,854,
93,372.59,26.67,880,850,
94,372.92,27,880,858,
95,373.25,23.33,892,863,
96,373.58,16,882,863,
97,373.92,22.33,877,877,
98,374.25,21.67,890,842,
99,374.58,17,880,863,
100,374.91,18,878,892,
101,375.24,31,903,852,
102,375.57,42.67,878,822,
103,375.91,26.33,894,873,
104,376.24,26,867,865,
105,376.57,35,903,848,
106,376.9,39.33,894,846,
107,377.23,33.33,880,865,
108,377.57,33,878,841,
109,377.9,38.67,903,856,
110,378.23,32,888,856,
111,378.56,28,882,865,
112,378.89,24.33,896,861,
113,379.23,26.67,905,884,
114,379.56,28.33,880,856,
115,379.89,34,890,850,
116,380.22,31.67,890,852,
117,380.55,34,894,877,
118,380.89,36.33,897,850,
119,381.22,41.67,899,854,
120,381.55,32.33,896,863,
121,381.88,35.67,882,863,
122,382.21,35,901,846,
123,382.55,35.67,896,865,
124,382.88,27,880,859,
125,383.21,25.67,890,861,
126,383.54,22,896,869,
127,383.87,23,877,867,
128,384.21,24,880,848,
129,384.54,15,882,852,
130,384.87,9.33,886,903,
131,385.2,15,880,865,
132,385.53,36.33,897,850,
133,385.87,39.67,903,856,
134,386.2,31,884,859,
135,386.53,25.67,882,861,
136,386.86,24.33,890,859,
137,387.19,17.33,896,875,
138,387.53,15.33,869,869,
139,387.86,23,886,861,
140,388.19,35,892,848,
141,388.52,39.33,882,846,
142,388.86,22.67,894,856,
143,389.19,15,884,890,
144,389.52,22.67,888,875,
145,389.85,47,896,835,
146,390.18,52,892,825,
147,390.52,33.67,884,856,
148,390.85,29.67,875,869,
149,391.18,26.67,903,848,
150,391.51,19.67,886,867,
151,391.84,14,867,882,
152,392.18,19.67,896,858,
153,392.51,33.67,890,854,
154,392.84,31.67,892,865,
155,393.17,32.33,884,852,
156,393.51,29.67,903,865,
157,393.84,19,882,863,
158,394.17,25.33,871,871,
159,394.5,37.33,903,846,
160,394.84,42.33,892,837,
161,395.17,35.33,890,875,
162,395.5,30.33,901,865,
163,395.83,26.67,888,848,
164,396.16,17,871,867,
165,396.5,14.67,882,875,
166,396.83,21,896,863,
167,397.16,27,882,859,
168,397.49,25.67,892,867,
169,397.83,23,894,865,
170,398.16,22.33,884,869,
171,398.49,25.33,884,861,
172,398.82,36.67,894,856,
173,399.16,41.67,905,856,
174,399.49,26.33,882,844,
175,399.82,24.33,863,871,
176,400.15,21.67,899,856,
177,400.49,25.33,886,856,
178,400.82,17,878,875,
179,401.15,28.33,896,878,
180,401.48,30.33,903,839,
181,401.82,32,882,873,
182,402.15,22,890,867,
183,402.48,28.67,899,865,
184,402.81,27.33,890,861,
185,403.14,32,880,861,
186,403.48,31.33,892,844,
187,403.81,28.33,886,859,
188,404.14,17,875,865,
189,404.47,23.33,873,859,
190,404.81,27,896,850,
191,405.14,31.67,884,863,
192,405.47,36.67,903,875,
193,405.8,36,920,859,
194,406.14,33.67,878,859,
195,406.47,23.33,884,863,
196,406.8,31,903,873,
197,407.13,29,892,850,
198,407.47,29,873,858,
199,407.8,34.67,884,854,
200,408.13,43,905,846,
201,408.47,42,896,856,
202,408.8,35,886,859,
203,409.13,36.33,909,871,
204,409.46,32.33,905,861,
205,409.8,17,882,867,
206,410.13,8,863,871,
207,410.46,15,886,869,
208,410.79,25.67,886,850,
209,411.13,27.67,901,877,
210,411.46,22.67,886,863,
211,411.79,30,877,856,
212,412.12,41.33,892,846,
213,412.46,53.33,907,850,
214,412.79,48.33,899,842,
215,413.12,44,890,859,
216,413.45,26.33,909,865,
217,413.79,27.67,877,873,
218,414.12,22.67,894,859,
219,414.45,32,890,861,
220,414.78,33.67,905,873,
221,415.12,35.67,888,848,
222,415.45,34.33,877,842,
223,415.78,33.33,901,873,
224,416.12,34.33,896,859,
225,416.45,30.67,884,846,
226,416.78,38,878,861,
227,417.11,37.33,907,848,
228,417.45,35.33,888,852,
229,417.78,19.67,880,869,
230,418.11,12.33,875,863,
231,418.44,17,875,861,
232,418.78,21.33,892,867,
233,419.11,27.67,896,871,
234,419.44,32,892,859,
235,419.78,31.67,886,848,
236,420.11,28,897,873,
237,420.44,28.67,899,877,
238,420.77,38.33,886,846,
239,421.11,45,897,844,
240,421.44,34,901,859,
241,421.77,22.67,880,873,
242,422.1,16.33,880,861,
243,422.44,27.33,892,869,
244,422.77,31,905,865,
245,423.1,36,886,856,
246,423.44,37.67,888,850,
247,423.77,42.67,901,856,
248,424.1,43.33,901,856,
249,424.43,39,903,863,
250,424.77,42.33,905,873,
251,425.1,42.67,905,850,
252,425.43,41,882,841,
253,425.76,46.67,894,867,
254,426.1,46.33,886,814,
255,426.43,55.67,890,850,
256,426.76,39,890,835,
257,427.1,32,897,875,
258,427.43,28.33,882,863,
259,427.76,37.33,894,850,
260,428.09,42.67,905,856,
261,428.43,40.33,896,861,
262,428.76,40.67,896,859,
263,429.09,47.33,911,861,
264,429.43,46.33,897,842,
265,429.76,41.67,884,850,
266,430.09,34.67,888,852,
267,430.42,40.33,901,867,
268,430.76,38,907,856,
269,431.09,44.33,877,848,
270,431.42,38.67,911,858,
271,431.76,41,907,873,
272,432.09,41.67,888,852,
273,432.42,40.33,907,852,
274,432.75,46.67,907,877,
275,433.09,42.33,909,854,
276,433.42,41.33,894,852,
277,433.75,43.33,890,863,
278,434.09,50,905,844,
279,434.42,61.67,918,856,
280,434.75,56.67,918,856,
281,435.09,50,907,861,
282,435.42,47.67,901,859,
283,435.75,45,907,852,
284,436.08,44.33,899,861,
285,436.42,42,905,865,
286,436.75,47.67,894,846,
287,437.08,40,916,861,
288,437.42,29,897,880,
289,437.75,26.33,886,871,
290,438.08,39.67,901,854,
291,438.41,56.67,909,852,
292,438.75,54,905,839,
293,439.08,54,897,858,
294,439.41,47.33,918,861,
295,439.75,43.33,905,859,
296,440.08,37.67,890,863,
297,440.41,39,901,861,
298,440.74,44,909,859,
299,441.08,51.67,901,859,
300,441.41,50,909,846,
301,441.74,59,922,877,
302,442.08,60.33,930,861,
303,442.41,68.33,911,844,
304,442.74,52.33,930,861,
305,443.08,47,882,861,
306,443.41,53,897,846,
307,443.74,64.33,941,854,
308,444.07,64.33,913,858,
309,444.41,55.67,901,850,
310,444.74,57.67,922,861,
311,445.07,55.33,928,867,
312,445.41,62.67,909,865,
313,445.74,46.67,924,841,
314,446.07,44.33,924,911,
315,446.41,26,915,878,
316,446.74,38.67,886,858,
317,447.07,48,905,854,
318,447.4,59,924,859,
319,447.74,65.33,920,859,
320,448.07,61.33,918,848,
321,448.4,56.67,922,869,
322,448.74,52.33,905,858,
323,449.07,49.67,916,859,
324,449.4,53,922,877,
325,449.74,57.33,915,858,
326,450.07,63.33,920,850,
327,450.4,54.67,928,865,
328,450.73,47.33,911,880,
329,451.07,58.67,909,861,
330,451.4,71.67,928,831,
331,451.73,69.67,922,852,
332,452.07,57,905,863,
333,452.4,66,909,850,
334,452.73,68.33,945,848,
335,453.07,63.33,918,869,
336,453.4,47.33,903,859,
337,453.73,57.67,905,856,
338,454.06,53.67,943,863,
339,454.4,57,901,869,
340,454.73,51.33,911,852,
341,455.06,56,924,861,
342,455.4,55.33,915,869,
343,455.73,54.67,922,865,
344,456.06,61.67,909,848,
345,456.4,61.67,934,867,
346,456.73,69.67,922,865,
347,457.06,68,922,837,
348,457.4,61.67,920,858,
349,457.73,53.67,913,875,
350,458.06,58.33,924,863,
351,458.39,58.33,935,859,
352,458.73,53.67,892,854,
353,459.06,56.67,905,858,
354,459.39,58,943,858,
355,459.73,61.33,911,869,
356,460.06,57,915,858,
357,460.39,69,922,850,
358,460.73,60.67,939,861,
359,461.06,40.33,909,877,
360,461.39,34.67,865,854,
361,461.73,44.33,920,859,
362,462.06,52.33,920,859,
363,462.39,54.67,913,878,
364,462.72,60.33,924,856,
365,463.06,65,915,837,
366,463.39,57.67,905,856,
367,463.72,53.33,913,867,
368,464.06,55,926,861,
369,464.39,62.67,932,878,
370,464.72,60.33,915,846,
371,465.06,60,916,858,
372,465.39,56,911,858,
373,465.72,62,926,869,
374,466.06,64,928,852,
375,466.39,59.33,915,856,
376,466.72,53.67,899,856,
377,467.05,58.67,920,861,
378,467.39,64,926,852,
379,467.72,66,918,859,
380,468.05,68.33,934,869,
381,468.39,73,937,856,
382,468.72,74,932,859,
383,469.05,66.67,937,869,
384,469.39,72,903,844,
385,469.72,65,937,848,
386,470.05,58.33,922,875,
387,470.38,50.33,916,877,
388,470.72,51,915,850,
389,471.05,48.67,924,875,
390,471.38,51.33,920,888,
391,471.72,59.67,934,861,
392,472.05,71.67,924,850,
393,472.38,71.33,926,858,
394,472.72,74.67,941,869,
395,473.05,76.67,934,850,
396,473.38,78.67,932,858,
397,473.72,85.67,932,854,
398,474.05,80.67,947,842,
399,474.38,69.67,909,850,
400,474.71,53,918,873,
401,475.05,58.67,916,861,
402,475.38,63.33,935,859,
403,475.71,72.33,926,867,
404,476.05,83.33,949,867,
405,476.38,83.67,953,844,
406,476.71,77.67,935,875,
407,477.05,68,920,856,
408,477.38,71.33,943,863,
409,477.71,71.33,924,854,
410,478.05,68.33,920,856,
411,478.38,69.67,930,859,
412,478.71,70.67,926,852,
413,479.04,66,930,863,
414,479.38,64.67,935,878,
415,479.71,64,926,856,
416,480.04,68.67,928,863,
417,480.38,76.33,932,861,
418,480.71,75.67,947,854,
419,481.04,66.67,924,861,
420,481.38,66,915,871,
421,481.71,76,945,854,
422,482.04,86,937,844,
423,482.38,74,920,846,
424,482.71,67.67,920,865,
425,483.04,66.33,920,846,
426,483.37,75,926,856,
427,483.71,73,939,858,
428,484.04,71.33,939,871,
429,484.37,61.33,934,869,
430,484.71,61,922,871,
431,485.04,58.67,926,859,
432,485.37,62,916,858,
433,485.71,50.33,928,867,
434,486.04,53.33,907,875,
435,486.37,48,928,861,
436,486.7,60.33,939,894,
437,487.04,60.67,928,859,
438,487.37,73.67,939,871,
439,487.7,75.33,930,846,
440,488.04,74,928,854,
441,488.37,72.33,935,871,
442,488.7,71,937,858,
443,489.04,68,922,852,
444,489.37,76,922,867,
445,489.7,74.67,951,848,
446,490.03,75.33,922,856,
447,490.37,67.67,924,867,
448,490.7,76.67,926,846,
449,491.03,86,937,844,
450,491.37,80.33,939,854,
451,491.7,80.33,932,869,
452,492.03,81,954,861,
453,492.37,82.33,954,867,
454,492.7,65.33,926,859,
455,493.03,68,932,890,
456,493.36,74.67,947,852,
457,493.7,87.33,943,856,
458,494.03,77.33,930,850,
459,494.36,66.67,932,867,
460,494.7,61,916,861,
461,495.03,66.67,934,871,
462,495.36,78.67,932,850,
463,495.7,83.67,939,848,
464,496.03,75.33,949,871,
465,496.36,92.67,941,884,
466,496.69,105.33,985,842,
467,497.03,106,975,859,
468,497.36,92,926,867,
469,497.69,77,970,869,
470,498.03,79,930,859,
471,498.36,75.33,926,861,
472,498.69,75,953,863,
473,499.03,76.33,941,871,
474,499.36,73.33,928,859,
475,499.69,81.67,937,856,
476,500.02,84.67,951,856,
477,500.36,92.67,934,856,
478,500.69,78.67,968,863,
479,501.02,80.33,920,867,
480,501.36,74.33,935,852,
481,501.69,73.33,943,856,
482,502.02,67.67,930,880,
483,502.35,61.33,920,854,
484,502.69,68.67,924,856,
485,503.02,74,937,865,
486,503.35,76.67,949,867,
487,503.69,88.67,939,863,
488,504.02,93.67,958,850,
489,504.35,90,953,856,
490,504.68,82.67,930,865,
491,505.02,67.33,945,859,
492,505.35,71,926,875,
493,505.68,66,928,852,
494,506.02,70.33,932,861,
495,506.35,66,939,875,
496,506.68,79,932,869,
497,507.02,87.33,966,856,
498,507.35,95.33,947,858,
499,507.68,84.67,960,873,
500,508.01,81.67,943,865,
501,508.35,73.67,926,846,
502,508.68,80.33,924,861,
503,509.01,80.33,954,856,
504,509.35,86,941,861,
505,509.68,66,941,861,
506,510.01,57,913,875,
507,510.34,58.33,918,865,
508,510.68,64.67,953,869,
509,511.01,70.33,935,878,
510,511.34,73.33,924,854,
511,511.67,81.33,941,848,
512,512.01,81.33,954,873,
513,512.34,75.67,941,871,
514,512.67,76.67,915,839,
515,513.01,82,932,848,
516,513.34,80,947,861,
517,513.67,74.67,924,854,
518,514,67,922,854,
519,514.34,71.33,932,869,
520,514.67,73.33,941,858,
521,515,77,930,856,
522,515.34,65.33,945,871,
523,515.67,73,930,882,
524,516,75.33,939,842,
525,516.33,66.67,937,856,
526,516.67,68,899,877,
527,517,69,949,848,
528,517.33,80,930,846,
529,517.66,67.33,916,861,
530,518,67,932,869,
531,518.33,78,922,839,
532,518.66,83.67,947,859,
533,519,79.33,941,861,
534,519.33,83.67,924,854,
535,519.66,86.67,953,852,
536,519.99,94,954,865,
537,520.33,82,953,861,
538,520.66,79,928,863,
539,520.99,72.67,949,869,
540,521.32,77.33,953,880,
541,521.66,77,918,839,
542,521.99,80.33,920,841,
543,522.32,76.33,939,856,
544,522.66,69.67,926,859,
545,522.99,69.33,909,850,
546,523.32,76.33,945,863,
547,523.65,86.33,953,865,
548,523.99,86.33,939,850,
549,524.32,81,928,846,
550,524.65,81,943,871,
551,524.98,74,939,850,
552,525.32,76,934,873,
553,525.65,63.33,937,859,
554,525.98,75.67,918,867,
555,526.31,77.67,939,841,
556,526.65,79.67,945,861,
557,526.98,75,935,878,
558,527.31,81.67,934,850,
559,527.65,89.67,954,850,
560,527.98,81.33,954,873,
561,528.31,74.67,922,863,
562,528.64,78.67,930,846,
563,528.98,87,934,841,
564,529.31,80,953,869,
565,529.64,78.67,930,867,
566,529.97,81.67,943,854,
567,530.31,81.67,947,854,
568,530.64,79.67,926,863,
569,530.97,72.67,939,856,
570,531.3,91,937,865,
571,531.64,88,968,850,
572,531.97,88,937,863,
573,532.3,64.67,935,863,
574,532.63,75,928,880,
575,532.97,86,951,846,
576,533.3,92,947,842,
577,533.63,85,937,871,
578,533.96,79.67,943,859,
579,534.3,90.67,945,856,
580,534.63,95.67,958,859,
581,534.96,103.33,947,848,
582,535.29,106,949,837,
583,535.63,97.67,966,859,
584,535.96,90.67,937,863,
585,536.29,89.33,945,854,
586,536.62,101.33,953,850,
587,536.96,104.67,977,867,
588,537.29,103.33,966,865,
589,537.62,105.67,949,850,
590,537.95,103,958,841,
591,538.29,99.67,964,871,
592,538.62,93,958,869,
593,538.95,94.33,945,848,
594,539.28,98,962,865,
595,539.61,100.33,958,858,
596,539.95,107.33,960,856,
597,540.28,108.33,964,846,
598,540.61,103.33,964,861,
599,540.94,101.33,958,869,
600,541.28,102,968,856,
601,541.61,109,972,867,
602,541.94,116.67,966,856,
603,542.27,119.67,981,846,
604,542.61,110.67,964,850,
605,542.94,118.67,958,875,
606,543.27,119.67,998,839,
607,543.6,124.33,973,856,
608,543.94,108.67,962,865,
609,544.27,117.67,970,858,
610,544.6,126.33,990,846,
611,544.93,119.33,992,869,
612,545.26,109,966,875,
613,545.6,108.33,972,859,
614,545.93,117.33,990,869,
615,546.26,123.33,968,850,
616,546.59,116.33,975,844,
617,546.93,111.67,956,856,
618,547.26,109.67,996,892,
619,547.59,123.67,998,873,
620,547.92,118.67,983,841,
621,548.25,111.33,973,884,
622,548.59,115.33,966,863,
623,548.92,127.33,1002,848,
624,549.25,133,983,858,
625,549.58,121.67,979,859,
626,549.92,133.67,979,859,
627,550.25,141,1013,852,
628,550.58,146,983,841,
629,550.91,143.67,989,854,
630,551.24,138.67,998,844,
631,551.58,128,1004,877,
632,551.91,119,968,865,
633,552.24,130.67,979,852,
634,552.57,142,1004,842,
635,552.9,134,1000,863,
636,553.24,127.33,972,869,
637,553.57,125.33,994,852,
638,553.9,135.33,985,854,
639,554.23,130.67,998,865,
640,554.56,138.33,989,861,
641,554.9,137,1008,854,
642,555.23,143.67,1009,880,
643,555.56,145,994,846,
644,555.89,151.67,1008,850,
645,556.22,156.67,1008,859,
646,556.56,151.67,1032,869,
647,556.89,153,985,842,
648,557.22,143,992,839,
649,557.55,151,994,861,
650,557.88,154.33,1021,854,
651,558.22,157.33,1011,848,
652,558.55,146,1009,867,
653,558.88,145,1004,871,
654,559.21,152,1019,859,
655,559.54,162.67,1019,856,
656,559.88,153.33,1009,844,
657,560.21,150.33,990,858,
658,560.54,149.67,1021,867,
659,560.87,165.67,1019,856,
660,561.2,174.33,1013,833,
661,561.54,170,1019,839,
662,561.87,164,1011,861,
663,562.2,158,1021,859,
664,562.53,167.33,1027,865,
665,562.86,163.67,1036,858,
666,563.2,163.67,1028,877,
667,563.53,170.33,1023,861,
668,563.86,179.33,1040,842,
669,564.19,190.33,1036,858,
670,564.52,184.33,1053,858,
671,564.85,184.67,1038,858,
672,565.19,176.67,1042,863,
673,565.52,186.33,1030,859,
674,565.85,190,1059,850,
675,566.18,185.33,1036,846,
676,566.51,182.67,1028,871,
677,566.84,199,1059,858,
678,567.18,207.33,1087,848,
679,567.51,207,1057,875,
680,567.84,196.67,1065,865,
681,568.17,212.67,1066,858,
682,568.5,217.33,1080,850,
683,568.84,222,1072,858,
684,569.17,222,1080,858,
685,569.5,226.67,1089,859,
686,569.83,233.67,1091,863,
687,570.16,243,1089,846,
688,570.49,241.67,1110,852,
689,570.83,235,1085,861,
690,571.16,223.67,1101,878,
691,571.49,235.67,1099,875,
692,571.82,240.33,1114,854,
693,572.15,247.33,1108,871,
694,572.48,252,1125,880,
695,572.81,258.33,1120,846,
696,573.15,259,1112,856,
697,573.48,265.67,1127,880,
698,573.81,270.67,1152,858,
699,574.14,284,1125,854,
700,574.47,292.67,1158,871,
701,574.8,311.67,1178,858,
702,575.14,314,1180,852,
703,575.47,312.33,1159,865,
704,575.8,318.67,1184,869,
705,576.13,337.33,1197,850,
706,576.46,345,1209,859,
707,576.79,348.33,1207,869,
708,577.12,361.33,1218,861,
709,577.46,374.67,1230,841,
710,577.79,367.67,1232,854,
711,578.12,377.33,1220,884,
712,578.45,380,1277,859,
713,578.78,400.33,1245,859,
714,579.11,400.67,1262,865,
715,579.44,412.33,1275,856,
716,579.78,416.67,1279,858,
717,580.11,423.67,1275,865,
718,580.44,434.67,1313,873,
719,580.77,442.33,1304,850,
720,581.1,449.33,1292,859,
721,581.43,456.67,1330,869,
722,581.76,476.67,1330,854,
723,582.09,490,1347,854,
724,582.43,495,1374,873,
725,582.76,507.67,1368,877,
726,583.09,519,1372,841,
727,583.42,539,1391,856,
728,583.75,546.67,1429,878,
729,584.08,545.67,1408,854,
730,584.41,548,1391,859,
731,584.74,557.67,1425,867,
732,585.08,579.67,1446,863,
733,585.41,590,1452,854,
734,585.74,599.67,1471,882,
735,586.07,615.33,1475,863,
736,586.4,629,1503,858,
737,586.73,639.67,1507,877,
738,587.06,653.33,1507,863,
739,587.39,685,1545,859,
740,587.73,715.33,1564,839,
741,588.06,719.67,1594,859,
742,588.39,704.67,1568,869,
743,588.72,705.33,1549,869,
744,589.05,721,1600,863,
745,589.38,749.33,1613,867,
746,589.71,752.33,1619,854,
747,590.04,768,1615,869,
748,590.37,783.33,1647,854,
749,590.7,806.67,1663,852,
750,591.04,806.67,1674,858,
751,591.37,821,1683,890,
752,591.7,853.33,1719,865,
753,592.03,882.33,1750,837,
754,592.36,879.33,1721,841,
755,592.69,875.67,1718,873,
756,593.02,890.67,1761,859,
757,593.35,907.67,1771,846,
758,593.68,913.33,1757,861,
759,594.01,923.33,1784,865,
760,594.34,940,1805,850,
761,594.68,959.67,1805,859,
762,595.01,969,1837,859,
763,595.34,974,1837,854,
764,595.67,984.67,1824,863,
765,596,992.33,1871,861,
766,596.33,1013,1860,854,
767,596.66,1026,1873,850,
768,596.99,1040.67,1907,858,
769,597.32,1047.67,1902,852,
770,597.65,1053,1898,854,
771,597.98,1059.33,1913,848,
772,598.31,1072,1944,875,
773,598.65,1087,1951,869,
774,598.98,1106,1966,856,
775,599.31,1122,1989,863,
776,599.64,1128.67,1989,859,
777,599.97,1122.33,1995,865,
778,600.3,1129,1976,869,
779,600.63,1135,2004,854,
780,600.96,1132,2004,856,
781,601.29,1139.67,1959,861,
782,601.62,1137.33,2027,854,
783,601.95,1178.67,1993,852,
784,602.28,1173,2078,856,
785,602.61,1172.33,2021,865,
786,602.94,1161.67,2002,863,
787,603.27,1173.67,2048,858,
788,603.6,1196,2044,852,
789,603.94,1191.67,2069,863,
790,604.27,1210,2046,869,
791,604.6,1223.67,2099,852,
792,604.93,1234.33,2093,846,
793,605.26,1226.67,2074,865,
794,605.59,1222.33,2076,852,
795,605.92,1234.67,2105,871,
796,606.25,1253.67,2111,865,
797,606.58,1246,2133,852,
798,606.91,1246,2074,863,
799,607.24,1241.67,2111,865,
800,607.57,1254,2131,863,
801,607.9,1257,2107,859,
802,608.23,1243.67,2107,852,
803,608.56,1245,2097,869,
804,608.89,1243.67,2111,859,
805,609.22,1267.33,2099,848,
806,609.55,1285.33,2149,850,
807,609.88,1290.33,2162,856,
808,610.21,1274,2118,852,
809,610.54,1271.33,2111,861,
810,610.87,1271,2150,852,
811,611.2,1281,2126,861,
812,611.53,1273,2147,867,
813,611.86,1283.67,2141,867,
814,612.19,1288.67,2149,852,
815,612.52,1294.33,2141,846,
816,612.86,1277,2147,856,
817,613.19,1269.33,2122,877,
818,613.52,1276.33,2130,858,
819,613.85,1296.67,2175,863,
820,614.18,1289,2147,841,
821,614.51,1279.67,2114,865,
822,614.84,1275.33,2128,844,
823,615.17,1287.33,2168,875,
824,615.5,1288.67,2152,867,
825,615.83,1287.33,2149,861,
826,616.16,1302.33,2164,875,
827,616.49,1310.33,2171,841,
828,616.82,1318.33,2162,850,
829,617.15,1311.67,2188,875,
830,617.48,1322.33,2181,871,
831,617.81,1342.67,2194,850,
832,618.14,1337,2232,858,
833,618.47,1321,2154,861,
834,618.8,1318.33,2169,873,
835,619.13,1336,2224,858,
836,619.46,1352,2187,841,
837,619.79,1328.33,2209,865,
838,620.12,1324.67,2168,873,
839,620.45,1328.67,2194,859,
840,620.78,1346.33,2223,867,
841,621.11,1346,2204,856,
842,621.44,1337.67,2192,858,
843,621.76,1337.67,2204,873,
844,622.09,1342.67,2219,871,
845,622.42,1357,2207,858,
846,622.75,1357.67,2228,854,
847,623.08,1365.67,2211,861,
848,623.41,1380,2234,861,
849,623.74,1380.67,2261,844,
850,624.07,1383.67,2223,871,
851,624.4,1366.67,2249,867,
852,624.73,1380.33,2243,877,
853,625.06,1372,2249,856,
854,625.39,1378.67,2213,856,
855,625.72,1378.67,2240,854,
856,626.05,1398.67,2249,856,
857,626.38,1403.67,2278,861,
858,626.71,1402,2249,848,
859,627.04,1391,2255,867,
860,627.37,1392.33,2243,859,
861,627.7,1393,2261,856,
862,628.03,1404.33,2259,869,
863,628.36,1403.67,2283,865,
864,628.69,1411,2270,867,
865,629.02,1407.33,2283,871,
866,629.35,1421.33,2268,861,
867,629.68,1425.67,2293,848,
868,630.01,1419.67,2283,858,
869,630.34,1419,2262,873,
870,630.66,1423.67,2302,859,
871,630.99,1439.67,2302,863,
872,631.32,1429,2310,873,
873,631.65,1423.33,2272,861,
874,631.98,1427.33,2281,859,
875,632.31,1444.33,2312,863,
876,632.64,1462.67,2325,863,
877,632.97,1453.67,2325,848,
878,633.3,1455.67,2287,865,
879,633.63,1463.33,2335,867,
880,633.96,1469.67,2346,846,
881,634.29,1465.33,2293,852,
882,634.62,1450.67,2316,861,
883,634.95,1460.67,2323,867,
884,635.27,1463,2317,846,
885,635.6,1464.67,2327,865,
886,635.93,1460.33,2319,858,
887,636.26,1458.33,2329,871,
888,636.59,1461.67,2321,865,
889,636.92,1472.33,2336,865,
890,637.25,1487,2365,875,
891,637.58,1475.67,2369,869,
892,637.91,1475.67,2325,888,
893,638.24,1484.33,2348,858,
894,638.57,1502.33,2365,839,
895,638.89,1503.67,2354,863,
896,639.22,1505.67,2357,863,
897,639.55,1517.67,2382,850,
898,639.88,1531.67,2371,844,
899,640.21,1529,2390,854,
900,640.54,1520,2378,854,
901,640.87,1510,2352,852,
902,641.2,1506,2367,861,
903,641.53,1502.67,2371,859,
904,641.86,1497.33,2357,867,
905,642.18,1488,2357,867,
906,642.51,1500,2359,875,
907,642.84,1514.67,2378,852,
908,643.17,1530,2380,846,
909,643.5,1528.33,2395,865,
910,643.83,1527,2386,865,
911,644.16,1524.33,2371,841,
912,644.49,1525.67,2378,856,
913,644.81,1537.67,2386,861,
914,645.14,1538.67,2420,854,
915,645.47,1524,2373,848,
916,645.8,1509,2359,878,
917,646.13,1519.67,2384,863,
918,646.46,1550,2424,867,
919,646.79,1552,2422,850,
920,647.12,1554,2386,859,
921,647.44,1548.33,2443,880,
922,647.77,1545,2414,859,
923,648.1,1526,2382,865,
924,648.43,1524,2386,880,
925,648.76,1548,2412,863,
926,649.09,1560,2454,865,
927,649.42,1564,2430,888,
928,649.74,1547,2426,865,
929,650.07,1552,2405,867,
930,650.4,1550.67,2422,865,
931,650.73,1552.33,2418,861,
932,651.06,1551,2397,854,
933,651.39,1556.67,2407,854,
934,651.71,1567,2428,854,
935,652.04,1575.33,2443,869,
936,652.37,1573.33,2439,861,
937,652.7,1591,2439,871,
938,653.03,1605.33,2481,854,
939,653.36,1608,2456,835,
940,653.68,1595,2439,863,
941,654.01,1580.67,2466,878,
942,654.34,1592,2420,842,
943,654.67,1579,2466,856,
944,655,1594.67,2431,882,
945,655.33,1575.67,2488,863,
946,655.65,1603.67,2409,856,
947,655.98,1596.33,2485,852,
948,656.31,1605,2466,863,
949,656.64,1599.33,2486,907,
950,656.97,1613,2479,863,
951,657.29,1619,2490,846,
952,657.62,1621,2443,846,
953,657.95,1613.67,2483,861,
954,658.28,1617.33,2485,863,
955,658.61,1626.33,2481,873,
956,658.94,1617.67,2507,858,
957,659.26,1626.67,2473,877,
958,659.59,1626.33,2513,878,
959,659.92,1642.33,2500,852,
960,660.25,1631.67,2494,850,
961,660.57,1626.67,2483,880,
962,660.9,1637,2498,865,
963,661.23,1626,2538,863,
964,661.56,1613,2437,867,
965,661.89,1596.33,2452,858,
966,662.21,1611.67,2471,846,
967,662.54,1639.67,2479,863,
968,662.87,1641.33,2543,865,
969,663.2,1657,2488,858,
970,663.53,1654,2513,850,
971,663.85,1639.33,2536,867,
972,664.18,1658.33,2447,861,
973,664.51,1658,2511,791,
974,664.84,1684.33,2524,856,
975,665.16,1666.67,2526,861,
976,665.49,1670.67,2511,844,
977,665.82,1676.33,2534,854,
978,666.15,1664.33,2545,863,
979,666.47,1655.67,2479,848,
980,666.8,1647,2517,863,
981,667.13,1656.33,2523,867,
982,667.46,1657.33,2513,854,
983,667.78,1663.33,2511,854,
984,668.11,1661.33,2543,869,
985,668.44,1676,2528,875,
986,668.77,1667.33,2549,848,
987,669.09,1664.33,2502,854,
988,669.42,1655.67,2517,873,
989,669.75,1666.33,2542,867,
990,670.08,1676.67,2528,848,
991,670.4,1669,2519,844,
992,670.73,1670.33,2521,869,
993,671.06,1670.33,2542,858,
994,671.39,1676.67,2542,867,
995,671.71,1667.33,2536,865,
996,672.04,1664,2521,865,
997,672.37,1667.67,2532,867,
998,672.7,1674.67,2566,884,
999,673.02,1677,2540,863,
1000,673.35,1683,2524,852,
1001,673.68,1689.67,2559,859,
1002,674,1680.33,2560,863,
1003,674.33,1678.33,2519,875,
1004,674.66,1683.67,2553,859,
1005,674.99,1705.33,2572,859,
1006,675.31,1727.33,2591,882,
1007,675.64,1738.33,2545,785,
1008,675.97,1740,2602,856,
1009,676.29,1722.33,2587,873,
1010,676.62,1715.33,2576,869,
1011,676.95,1728,2598,873,
1012,677.27,1738.67,2606,854,
1013,677.6,1737,2597,858,
1014,677.93,1724.33,2572,852,
1015,678.26,1708,2587,873,
1016,678.58,1719.33,2551,861,
1017,678.91,1722,2608,854,
1018,679.24,1739.67,2578,856,
1019,679.56,1719.33,2608,865,
1020,679.89,1717.33,2560,867,
1021,680.22,1731.33,2574,858,
1022,680.54,1753.67,2646,861,
1023,680.87,1760,2621,861,
1024,681.2,1765,2598,863,
1025,681.52,1776.33,2650,850,
1026,681.85,1780.67,2652,858,
1027,682.18,1769.33,2602,854,
1028,682.5,1758,2633,867,
1029,682.83,1772,2633,873,
1030,683.16,1785,2636,846,
1031,683.48,1796.33,2619,814,
1032,683.81,1777.33,2669,875,
1033,684.14,1768,2600,867,
1034,684.46,1771.67,2642,865,
1035,684.79,1803.33,2663,858,
1036,685.12,1813.67,2686,858,
1037,685.44,1815,2671,863,
1038,685.77,1815.33,2667,858,
1039,686.1,1820.67,2690,861,
1040,686.42,1824,2680,856,
1041,686.75,1818,2686,867,
1042,687.07,1826,2680,869,
1043,687.4,1831.67,2709,861,
1044,687.73,1843.33,2690,854,
1045,688.05,1833,2728,882,
1046,688.38,1835,2690,873,
1047,688.71,1863,2701,859,
1048,689.03,1895.67,2769,839,
1049,689.36,1895.33,2767,852,
1050,689.69,1864.67,2716,875,
1051,690.01,1859.67,2697,859,
1052,690.34,1874.33,2750,850,
1053,690.66,1888.67,2739,854,
1054,690.99,1905,2748,867,
1055,691.32,1911.33,2803,854,
1056,691.64,1913.33,2775,871,
1057,691.97,1906.33,2739,852,
1058,692.29,1900,2767,839,
1059,692.62,1901.67,2756,871,
1060,692.95,1892,2767,875,
1061,693.27,1887.67,2743,844,
1062,693.6,1885.33,2747,875,
1063,693.92,1887.67,2748,863,
1064,694.25,1900.33,2773,867,
1065,694.58,1915,2760,850,
1066,694.9,1916.33,2775,846,
1067,695.23,1932,2769,859,
1068,695.55,1925.67,2826,869,
1069,695.88,1923.67,2769,859,
1070,696.21,1925.67,2758,854,
1071,696.53,1948.33,2830,867,
1072,696.86,1956,2834,856,
1073,697.18,1946.33,2794,867,
1074,697.51,1925.67,2792,858,
1075,697.83,1930.67,2783,867,
1076,698.16,1922.67,2811,869,
1077,698.49,1934.33,2783,873,
1078,698.81,1947,2792,841,
1079,699.14,1964,2832,852,
1080,699.46,1979.33,2822,861,
1081,699.79,1970.33,2860,863,
1082,700.11,1983,2794,841,
1083,700.44,1969.33,2853,854,
1084,700.76,1972.67,2821,865,
1085,701.09,1981,2832,869,
1086,701.42,1986,2876,852,
1087,701.74,1992.33,2840,869,
1088,702.07,1986.33,2836,854,
1089,702.39,1967.67,2860,854,
1090,702.72,1978.67,2786,871,
1091,703.04,1985.67,2878,863,
1092,703.37,2004.33,2883,856,
1093,703.69,1991,2819,848,
1094,704.02,1986.33,2834,859,
1095,704.34,1999,2874,861,
1096,704.67,2009,2872,863,
1097,704.99,1996,2849,844,
1098,705.32,2010,2830,856,
1099,705.64,2013.33,2893,842,
1100,705.97,2012.67,2878,863,
1101,706.29,2002,2847,875,
1102,706.62,2000.67,2878,859,
1103,706.94,2035.67,2889,878,
1104,707.27,2060.67,2961,884,
1105,707.59,2059.33,2948,854,
1106,707.92,2037.33,2857,850,
1107,708.24,2009.33,2878,867,
1108,708.57,2030.67,2883,873,
1109,708.89,2025.67,2942,871,
1110,709.22,2033,2855,859,
1111,709.54,2039.33,2893,861,
1112,709.87,2062.67,2946,856,
1113,710.19,2064,2929,863,
1114,710.52,2045.33,2897,861,
1115,710.84,2054.67,2895,861,
1116,711.17,2038,2948,854,
1117,711.49,2047,2859,873,
1118,711.82,2043.33,2936,875,
1119,712.14,2076.67,2927,844,
1120,712.47,2076.33,2936,850,
1121,712.79,2061,2929,869,
1122,713.12,2049.67,2889,852,
1123,713.44,2042.33,2889,837,
1124,713.77,2054.33,2897,859,
1125,714.09,2060,2940,867,
1126,714.42,2074,2934,865,
1127,714.74,2088,2936,856,
1128,715.06,2093.67,2984,869,
1129,715.39,2084.33,2957,871,
1130,715.71,2097,2921,869,
1131,716.04,2099,3005,852,
1132,716.36,2106.67,2963,871,
1133,716.69,2112.33,2934,859,
1134,717.01,2104,3031,861,
1135,717.34,2119,2942,875,
1136,717.66,2074,2974,854,
1137,717.98,2088,2904,869,
1138,718.31,2085.67,2972,863,
1139,718.63,2095.33,2971,858,
1140,718.96,2086.33,2923,859,
1141,719.28,2073,2934,852,
1142,719.61,2094.33,2944,871,
1143,719.93,2104.67,2999,871,
1144,720.25,2115,2957,844,
1145,720.58,2115.67,2963,859,
1146,720.9,2125,2972,842,
1147,721.23,2144,2993,852,
1148,721.55,2147.33,3003,842,
1149,721.87,2144,3001,861,
1150,722.2,2132.33,2972,841,
1151,722.52,2127.67,2972,846,
1152,722.85,2109.67,2982,856,
1153,723.17,2106,2927,850,
1154,723.49,2092.33,2969,854,
1155,723.82,2123.33,2946,861,
1156,724.14,2129,3018,848,
1157,724.47,2123.33,2990,858,
1158,724.79,2114.33,2948,880,
1159,725.11,2121.33,3001,858,
1160,725.44,2155.33,3007,854,
1161,725.76,2165,3026,856,
1162,726.08,2175.33,3037,865,
1163,726.41,2189.33,3028,844,
1164,726.73,2190,3058,846,
1165,727.06,2179.67,3041,867,
1166,727.38,2162.33,3022,869,
1167,727.7,2154.67,3010,850,
1168,728.03,2138,3020,869,
1169,728.35,2151.67,2978,875,
1170,728.67,2158.33,3060,859,
1171,729,2174.33,3029,858,
1172,729.32,2165.33,3003,852,
1173,729.64,2164.33,3033,859,
1174,729.97,2160,3031,863,
1175,730.29,2163.67,3003,865,
1176,730.61,2172,3024,839,
1177,730.94,2192,3037,844,
1178,731.26,2171.33,3056,858,
1179,731.58,2166.67,2990,867,
1180,731.91,2160,3035,856,
1181,732.23,2161,3024,846,
1182,732.55,2157.33,2997,871,
1183,732.88,2159,3039,871,
1184,733.2,2178,3033,850,
1185,733.52,2177.67,3052,869,
1186,733.85,2167.67,3026,859,
1187,734.17,2150.67,3037,884,
1188,734.49,2150,2995,863,
1189,734.82,2155.67,3028,863,
1190,735.14,2172.33,3016,846,
1191,735.46,2174,3043,861,
1192,735.78,2173.33,3029,859,
1193,736.11,2168.67,3035,867,
1194,736.43,2164.33,3029,861,
1195,736.75,2150.33,3020,863,
1196,737.08,2158,2993,867,
1197,737.4,2174.33,3058,867,
1198,737.72,2201,3056,850,
1199,738.04,2203.67,3073,867,
1200,738.37,2191.67,3077,878,
1201,738.69,2202.67,3022,852,
1202,739.01,2197.33,3098,859,
1203,739.34,2205.67,3037,854,
1204,739.66,2199,3060,865,
1205,739.98,2199.67,3069,850,
1206,740.3,2195,3058,873,
1207,740.63,2193.67,3054,873,
1208,740.95,2211,3069,854,
1209,741.27,2230,3098,861,
1210,741.59,2239,3107,869,
1211,741.92,2209,3098,856,
1212,742.24,2214.67,3001,854,
1213,742.56,2183.67,3113,858,
1214,742.88,2204.67,3020,871,
1215,743.21,2187,3071,861,
1216,743.53,2206.67,3054,852,
1217,743.85,2195.67,3050,842,
1218,744.17,2183.67,3035,858,
1219,744.5,2182,3039,873,
1220,744.82,2194.33,3062,859,
1221,745.14,2197,3094,880,
1222,745.46,2193.67,3037,863,
1223,745.78,2192.33,3056,863,
1224,746.11,2205.67,3062,852,
1225,746.43,2216.33,3077,863,
1226,746.75,2221.67,3084,859,
1227,747.07,2241.33,3103,877,
1228,747.4,2258.33,3119,846,
1229,747.72,2279,3113,837,
1230,748.04,2259.67,3140,852,
1231,748.36,2261.67,3073,858,
1232,748.68,2255.33,3136,854,
1233,749.01,2254.67,3115,846,
1234,749.33,2243.33,3084,871,
1235,749.65,2239,3100,852,
1236,749.97,2238.33,3121,865,
1237,750.29,2220.33,3065,854,
1238,750.61,2217.33,3048,854,
1239,750.94,2229.33,3103,856,
1240,751.26,2220.67,3105,858,
1241,751.58,2216.67,3039,871,
1242,751.9,2213.67,3077,842,
1243,752.22,2241,3094,856,
1244,752.54,2247.67,3117,867,
1245,752.87,2250.33,3124,869,
1246,753.19,2268.33,3098,852,
1247,753.51,2256,3179,875,
1248,753.83,2264.33,3117,899,
1249,754.15,2243.33,3121,850,
1250,754.47,2266,3100,859,
1251,754.8,2235.33,3145,859,
1252,755.12,2246,3052,873,
1253,755.44,2239.67,3140,867,
1254,755.76,2274.67,3128,861,
1255,756.08,2285.67,3136,852,
1256,756.4,2295,3164,858,
1257,756.72,2283.33,3162,867,
1258,757.04,2263.67,3105,856,
1259,757.37,2268,3103,856,
1260,757.69,2260.67,3166,858,
1261,758.01,2258.67,3117,890,
1262,758.33,2245,3102,861,
1263,758.65,2255,3126,859,
1264,758.97,2273,3109,852,
1265,759.29,2267.33,3134,839,
1266,759.61,2273,3098,848,
1267,759.94,2267.33,3147,873,
1268,760.26,2278.67,3147,869,
1269,760.58,2282,3130,846,
1270,760.9,2281.67,3136,852,
1271,761.22,2288,3119,842,
1272,761.54,2283.33,3162,859,
1273,761.86,2280.33,3111,841,
1274,762.18,2262.67,3122,854,
1275,762.5,2266.67,3113,863,
1276,762.82,2258.67,3153,871,
1277,763.14,2258,3107,863,
1278,763.46,2252.33,3113,865,
1279,763.79,2268.67,3121,856,
1280,764.11,2271,3149,856,
1281,764.43,2273.33,3122,867,
1282,764.75,2264,3128,856,
1283,765.07,2274.67,3115,850,
1284,765.39,2276.33,3145,858,
1285,765.71,2296,3140,863,
1286,766.03,2298.33,3189,865,
1287,766.35,2295.67,3153,859,
1288,766.67,2279,3136,867,
1289,766.99,2290.33,3147,873,
1290,767.31,2299.67,3172,844,
1291,767.63,2311,3149,852,
1292,767.95,2300.67,3166,858,
1293,768.27,2314.67,3170,873,
1294,768.59,2297,3191,852,
1295,768.91,2307.67,3128,873,
1296,769.23,2296.33,3170,841,
1297,769.55,2302.33,3155,850,
1298,769.87,2277,3138,865,
1299,770.19,2278,3109,856,
1300,770.51,2259,3164,856,
1301,770.83,2260,3100,884,
1302,771.15,2238,3136,880,
1303,771.47,2272,3098,856,
1304,771.79,2288.67,3153,835,
1305,772.11,2267,3164,858,
1306,772.43,2266.33,3052,875,
1307,772.75,2271,3183,867,
1308,773.07,2330.67,3162,842,
1309,773.39,2331.33,3210,854,
1310,773.71,2302.67,3168,850,
1311,774.03,2270.33,3111,877,
1312,774.35,2243.33,3126,867,
1313,774.67,2249.33,3121,884,
1314,774.99,2265.33,3113,861,
1315,775.31,2267.33,3185,878,
1316,775.63,2288.67,3102,859,
1317,775.95,2294.33,3160,844,
1318,776.27,2294,3168,844,
1319,776.59,2283.33,3109,867,
1320,776.91,2279,3155,871,
1321,777.23,2281.33,3176,865,
1322,777.55,2270.67,3105,856,
1323,777.87,2270,3115,863,
1324,778.19,2265.67,3151,842,
1325,778.51,2271.33,3090,854,
1326,778.83,2286.33,3140,871,
1327,779.15,2307.33,3196,842,
1328,779.46,2313.33,3160,861,
1329,779.78,2298.33,3145,858,
1330,780.1,2316,3172,863,
1331,780.42,2305,3191,839,
1332,780.74,2308,3138,884,
1333,781.06,2295,3185,867,
1334,781.38,2298,3157,844,
1335,781.7,2281.67,3109,846,
1336,782.02,2280.67,3140,871,
1337,782.34,2297,3187,877,
1338,782.66,2310,3160,848,
1339,782.98,2308.33,3181,873,
1340,783.29,2307.33,3153,848,
1341,783.61,2277,3170,861,
1342,783.93,2244,3084,867,
1343,784.25,2245.33,3064,858,
1344,784.57,2267.67,3157,844,
1345,784.89,2276,3138,854,
1346,785.21,2275.33,3100,869,
1347,785.53,2289.67,3176,865,
1348,785.84,2308,3177,850,
1349,786.16,2292,3147,861,
1350,786.48,2272.67,3132,869,
1351,786.8,2289.67,3121,852,
1352,787.12,2312.33,3187,850,
1353,787.44,2314,3189,858,
1354,787.76,2290,3149,875,
1355,788.08,2276.33,3157,892,
1356,788.39,2284,3168,878,
1357,788.71,2282,3147,850,
1358,789.03,2288,3113,854,
1359,789.35,2269.67,3177,869,
1360,789.67,2274,3107,865,
1361,789.99,2278.67,3128,856,
1362,790.3,2290,3176,854,
1363,790.62,2315.33,3126,850,
1364,790.94,2309,3215,867,
1365,791.26,2320.33,3153,850,
1366,791.58,2288.67,3166,856,
1367,791.89,2290.67,3126,873,
1368,792.21,2262.33,3174,865,
1369,792.53,2272,3096,871,
1370,792.85,2270,3145,863,
1371,793.17,2303.67,3151,848,
1372,793.49,2320.67,3174,848,
1373,793.8,2309.33,3185,852,
1374,794.12,2309,3121,852,
1375,794.44,2306,3160,835,
1376,794.76,2305.67,3183,859,
1377,795.07,2288,3141,873,
1378,795.39,2283.67,3122,850,
1379,795.71,2283.33,3155,844,
1380,796.03,2277.33,3136,869,
1381,796.35,2277.33,3138,884,
1382,796.66,2291,3159,848,
1383,796.98,2304.33,3141,833,
1384,797.3,2288.33,3155,861,
1385,797.62,2270.67,3136,873,
1386,797.93,2264.67,3107,852,
1387,798.25,2294.33,3141,865,
1388,798.57,2306.33,3206,854,
1389,798.89,2301.33,3141,850,
1390,799.2,2272.33,3124,863,
1391,799.52,2283.67,3138,873,
1392,799.84,2298.67,3181,856,
1393,800.16,2302.33,3162,856,
1394,800.47,2281.67,3160,884,
1395,800.79,2299,3122,859,
1396,801.11,2304.67,3217,859,
1397,801.42,2322.33,3132,839,
1398,801.74,2302.67,3187,871,
1399,802.06,2297.67,3155,856,
1400,802.38,2274.33,3136,858,
1401,802.69,2281.33,3109,863,
1402,803.01,2292,3168,848,
1403,803.33,2297.67,3166,856,
1404,803.64,2300,3143,880,
1405,803.96,2290.67,3183,856,
1406,804.28,2293,3128,846,
1407,804.6,2269.67,3143,873,
1408,804.91,2268.33,3128,871,
1409,805.23,2281.67,3136,858,
1410,805.55,2292.33,3164,854,
1411,805.86,2301.33,3147,858,
1412,806.18,2306,3172,867,
1413,806.5,2324,3174,850,
1414,806.81,2334,3195,852,
1415,807.13,2330.67,3189,854,
1416,807.45,2311,3168,854,
1417,807.76,2285.67,3155,871,
1418,808.08,2292,3126,867,
1419,808.4,2269,3189,856,
1420,808.71,2291.67,3084,869,
1421,809.03,2284.33,3183,856,
1422,809.35,2313.67,3170,859,
1423,809.66,2318,3153,850,
1424,809.98,2304.67,3198,858,
1425,810.29,2287,3136,865,
1426,810.61,2278,3115,865,
1427,810.93,2282.33,3157,844,
1428,811.24,2291,3149,865,
1429,811.56,2261,3145,869,
1430,811.88,2255.67,3084,861,
1431,812.19,2250,3122,854,
1432,812.51,2264.67,3124,865,
1433,812.82,2255.33,3109,842,
1434,813.14,2254,3098,858,
1435,813.46,2253.33,3128,873,
1436,813.77,2265.33,3126,861,
1437,814.09,2264,3126,850,
1438,814.4,2260.67,3128,877,
1439,814.72,2284,3130,875,
1440,815.04,2314.67,3200,854,
1441,815.35,2318.67,3187,844,
1442,815.67,2296.67,3130,863,
1443,815.98,2273.67,3155,875,
1444,816.3,2287.33,3124,850,
1445,816.61,2286.67,3183,875,
1446,816.93,2304.67,3151,873,
1447,817.25,2296.33,3193,865,
1448,817.56,2306.67,3141,858,
1449,817.88,2304,3172,863,
1450,818.19,2301.67,3166,846,
1451,818.51,2287,3130,854,
1452,818.82,2266.67,3130,865,
1453,819.14,2259,3117,858,
1454,819.45,2266.67,3105,852,
1455,819.77,2269,3134,846,
1456,820.08,2254.33,3124,858,
1457,820.4,2253,3103,894,
1458,820.72,2256.33,3128,844,
1459,821.03,2270.67,3132,856,
1460,821.35,2263.67,3117,865,
1461,821.66,2265,3121,858,
1462,821.98,2257,3122,842,
1463,822.29,2265.33,3103,875,
1464,822.61,2275.67,3138,850,
1465,822.92,2292,3153,842,
1466,823.24,2297.67,3138,861,
1467,823.55,2289.33,3147,842,
1468,823.87,2303.67,3134,848,
1469,824.18,2285.33,3166,846,
1470,824.5,2277.67,3134,884,
1471,824.81,2246,3128,865,
1472,825.13,2254.33,3084,859,
1473,825.44,2253.67,3136,861,
1474,825.75,2278,3134,873,
1475,826.07,2260,3157,859,
1476,826.38,2241.67,3067,846,
1477,826.7,2224.67,3077,871,
1478,827.01,2232.33,3105,858,
1479,827.33,2261,3098,854,
1480,827.64,2268.33,3138,846,
1481,827.96,2280.33,3113,844,
1482,828.27,2270,3132,852,
1483,828.59,2265.67,3117,856,
1484,828.9,2279.67,3117,861,
1485,829.21,2291,3164,842,
1486,829.53,2286.33,3143,848,
1487,829.84,2260.33,3115,873,
1488,830.16,2252,3115,871,
1489,830.47,2261.33,3122,852,
1490,830.79,2287,3126,856,
1491,831.1,2307,3198,877,
1492,831.41,2332.67,3157,827,
1493,831.73,2337.33,3214,867,
1494,832.04,2327,3183,848,
1495,832.36,2301.33,3153,854,
1496,832.67,2290,3126,856,
1497,832.98,2299.33,3162,861,
1498,833.3,2310.67,3166,839,
1499,833.61,2273.67,3160,856,
1500,833.93,2249.67,3067,877,
1501,834.24,2234,3124,869,
1502,834.55,2251.33,3111,854,
1503,834.87,2257.67,3092,850,
1504,835.18,2253.33,3103,829,
1505,835.49,2260.33,3111,867,
1506,835.81,2237,3115,852,
1507,836.12,2233.33,3065,861,
1508,836.43,2235.33,3081,848,
1509,836.75,2276.33,3121,852,
1510,837.06,2291.33,3179,852,
1511,837.38,2299.33,3145,867,
1512,837.69,2280.67,3145,852,
1513,838,2268.67,3117,846,
1514,838.32,2265,3122,880,
1515,838.63,2272.67,3136,854,
1516,838.94,2283,3155,861,
1517,839.26,2291,3138,865,
1518,839.57,2286.67,3177,871,
1519,839.88,2300,3159,878,
1520,840.19,2285,3159,846,
1521,840.51,2291,3122,861,
1522,840.82,2268,3174,875,
1523,841.13,2261.67,3115,871,
1524,841.45,2244,3084,842,
1525,841.76,2249,3111,865,
1526,842.07,2255,3124,865,
1527,842.39,2261.33,3138,878,
1528,842.7,2262,3134,869,
1529,843.01,2278.67,3126,865,
1530,843.32,2272.33,3166,856,
1531,843.64,2267.33,3124,878,
1532,843.95,2246.67,3107,861,
1533,844.26,2265.67,3100,852,
1534,844.58,2279.67,3134,831,
1535,844.89,2294.33,3149,861,
1536,845.2,2277.67,3138,846,
1537,845.51,2274,3124,871,
1538,845.83,2272.67,3159,882,
1539,846.14,2293,3149,861,
1540,846.45,2289.67,3168,854,
1541,846.76,2308,3128,861,
1542,847.07,2302,3204,861,
1543,847.39,2302.33,3157,861,
1544,847.7,2285,3126,858,
1545,848.01,2297.33,3160,869,
1546,848.32,2306.33,3181,848,
1547,848.64,2321,3151,856,
1548,848.95,2292,3185,850,
1549,849.26,2288.33,3130,884,
1550,849.57,2252.33,3143,859,
1551,849.88,2272,3098,871,
1552,850.2,2274,3170,865,
1553,850.51,2286,3159,869,
1554,850.82,2263,3105,842,
1555,851.13,2249.67,3090,854,
1556,851.44,2246,3119,869,
1557,851.76,2240.33,3102,850,
1558,852.07,2235,3103,884,
1559,852.38,2243.67,3086,852,
1560,852.69,2250,3115,837,
1561,853,2248.33,3103,865,
1562,853.31,2250.67,3081,852,
1563,853.63,2254.67,3124,839,
1564,853.94,2268,3109,859,
1565,854.25,2257.33,3134,865,
1566,854.56,2262.67,3126,873,
1567,854.87,2277.67,3124,858,
1568,855.18,2299.33,3177,863,
1569,855.5,2310.67,3185,867,
1570,855.81,2296.33,3159,859,
1571,856.12,2297.67,3132,861,
1572,856.43,2293.33,3187,865,
1573,856.74,2298.67,3143,856,
1574,857.05,2293,3141,854,
1575,857.36,2295,3170,865,
1576,857.67,2273,3170,877,
1577,857.98,2261.67,3067,846,
1578,858.3,2250.33,3138,867,
1579,858.61,2263.67,3103,844,
1580,858.92,2273.67,3124,863,
1581,859.23,2280,3153,852,
1582,859.54,2268.67,3132,854,
1583,859.85,2240.33,3092,865,
1584,860.16,2228.33,3077,861,
1585,860.47,2234.67,3115,873,
1586,860.78,2256.67,3119,873,
1587,861.09,2262.33,3140,858,
1588,861.4,2279.33,3111,852,
1589,861.72,2273.67,3141,844,
1590,862.03,2273,3121,856,
1591,862.34,2259.67,3115,858,
1592,862.65,2250.67,3124,867,
1593,862.96,2241.33,3113,875,
1594,863.27,2241.67,3102,873,
1595,863.58,2257.67,3102,844,
1596,863.89,2270,3138,852,
1597,864.2,2266,3124,858,
1598,864.51,2257.33,3107,861,
1599,864.82,2253,3102,842,
1600,865.13,2260.67,3111,858,
1601,865.44,2270.33,3119,850,
1602,865.75,2272.33,3143,854,
1603,866.06,2262.33,3124,865,
1604,866.37,2251,3102,863,
1605,866.68,2252.33,3084,829,
1606,866.99,2245.67,3124,861,
1607,867.3,2254.67,3094,875,
1608,867.61,2259.33,3132,850,
1609,867.92,2262.67,3140,863,
1610,868.23,2236.67,3100,871,
1611,868.54,2219.33,3058,854,
1612,868.85,2216,3083,858,
1613,869.16,2216.67,3086,867,
1614,869.47,2209.67,3075,869,
1615,869.78,2216,3052,848,
1616,870.09,2221,3109,871,
1617,870.4,2213.33,3098,877,
1618,870.71,2194.67,3039,858,
1619,871.02,2180.67,3045,863,
1620,871.33,2185.33,3071,892,
1621,871.64,2191.67,3039,844,
1622,871.95,2197,3043,842,
1623,872.25,2186,3060,865,
1624,872.56,2187.67,3046,884,
1625,872.87,2200.67,3067,861,
1626,873.18,2237.33,3069,835,
1627,873.49,2252.67,3130,858,
1628,873.8,2246,3094,842,
1629,874.11,2238.67,3077,863,
1630,874.42,2226,3111,861,
1631,874.73,2227.67,3096,882,
1632,875.04,2239.67,3088,869,
1633,875.35,2235,3136,850,
1634,875.66,2246,3071,871,
1635,875.96,2242.67,3111,859,
1636,876.27,2246,3132,856,
1637,876.58,2236.33,3090,880,
1638,876.89,2214.33,3096,873,
1639,877.2,2226,3062,852,
1640,877.51,2209.67,3084,839,
1641,877.82,2202.67,3035,861,
1642,878.13,2174.33,3050,861,
1643,878.43,2198.33,3010,850,
1644,878.74,2205,3102,856,
1645,879.05,2231.33,3067,858,
1646,879.36,2204.33,3102,863,
1647,879.67,2191.33,3045,880,
1648,879.98,2199.33,3031,861,
1649,880.28,2222.33,3113,850,
1650,880.59,2238,3084,850,
1651,880.9,2219,3090,873,
1652,881.21,2229.67,3064,858,
1653,881.52,2214,3107,841,
1654,881.83,2205.67,3020,850,
1655,882.13,2202.67,3077,896,
1656,882.44,2218.33,3105,848,
1657,882.75,2219.67,3073,856,
1658,883.06,2201.33,3069,884,
1659,883.37,2204.67,3077,875,
1660,883.67,2199,3096,869,
1661,883.98,2208.33,3041,873,
1662,884.29,2208.33,3088,858,
1663,884.6,2217.67,3079,852,
1664,884.91,2188,3050,854,
1665,885.21,2172,3010,869,
1666,885.52,2151.67,3018,839,
1667,885.83,2154.33,2976,841,
1668,886.14,2151.33,3016,867,
1669,886.44,2163.67,3029,859,
1670,886.75,2156.67,3031,859,
1671,887.06,2135,2980,852,
1672,887.37,2125.67,2976,871,
1673,887.67,2120.67,3005,861,
1674,887.98,2109.33,2976,863,
1675,888.29,2108.33,2927,856,
1676,888.6,2105,2995,854,
1677,888.9,2104,2959,856,
1678,889.21,2097.67,2927,859,
1679,889.52,2102.33,2974,852,
1680,889.82,2116,2963,846,
1681,890.13,2125.67,2967,858,
1682,890.44,2131.33,3003,852,
1683,890.75,2133.33,2986,852,
1684,891.05,2112.33,2974,859,
1685,891.36,2105,2965,877,
1686,891.67,2108.67,2990,878,
1687,891.97,2134.67,2978,852,
1688,892.28,2148.33,3005,839,
1689,892.59,2144.67,3014,861,
1690,892.89,2129.67,2967,852,
1691,893.2,2129,2984,863,
1692,893.51,2131.33,3001,850,
1693,893.81,2160.33,2991,869,
1694,894.12,2164.67,3039,831,
1695,894.43,2183.33,3033,869,
1696,894.73,2176.33,3060,882,
1697,895.04,2176.67,3048,861,
1698,895.35,2166.33,3028,863,
1699,895.65,2157,3018,871,
1700,895.96,2155,3028,869,
1701,896.26,2156.33,3001,842,
1702,896.57,2146,3012,861,
1703,896.88,2144.67,2993,865,
1704,897.18,2124.33,3005,850,
1705,897.49,2116,2953,863,
1706,897.8,2106.33,2978,875,
1707,898.1,2115.33,2991,865,
1708,898.41,2110.33,2967,850,
1709,898.71,2120.67,2955,867,
1710,899.02,2122.33,3022,865,
1711,899.33,2118,2978,856,
1712,899.63,2090,2948,873,
1713,899.94,2084.33,2944,871,
1714,900.24,2080.67,2957,852,
1715,900.55,2076.33,2923,859,
1716,900.85,2057.33,2927,867,
1717,901.16,2074.33,2921,873,
1718,901.46,2077.67,2971,856,
1719,901.77,2086,2933,863,
1720,902.08,2077.67,2942,869,
1721,902.38,2079.33,2957,867,
1722,902.69,2080.67,2944,869,
1723,902.99,2071.33,2940,863,
1724,903.3,2068,2967,905,
1725,903.6,2085.67,2934,869,
1726,903.91,2092,2995,865,
1727,904.21,2097.33,2931,850,
1728,904.52,2082,2944,863,
1729,904.82,2074.33,2934,850,
1730,905.13,2076.33,2929,871,
1731,905.43,2065.67,2929,842,
1732,905.74,2058.67,2902,850,
1733,906.04,2050,2906,869,
1734,906.35,2054,2919,858,
1735,906.65,2045.33,2923,859,
1736,906.96,2023.33,2874,863,
1737,907.26,1996,2864,869,
1738,907.57,2010.67,2864,882,
1739,907.87,2028,2916,861,
1740,908.18,2065.33,2912,865,
1741,908.48,2051.67,2946,852,
1742,908.79,2063.33,2881,867,
1743,909.09,2038,2938,856,
1744,909.4,2028.67,2891,873,
1745,909.7,2023.33,2834,848,
1746,910,2024,2916,850,
1747,910.31,2032.33,2893,873,
1748,910.61,2008.67,2872,861,
1749,910.92,1996,2851,856,
1750,911.22,1996,2849,867,
1751,911.53,1989.67,2891,880,
1752,911.83,2001,2845,869,
1753,912.13,2007,2860,844,
1754,912.44,2006.33,2881,852,
1755,912.74,1993.67,2832,858,
1756,913.05,1988.67,2845,867,
1757,913.35,2007,2883,869,
1758,913.65,2040,2868,839,
1759,913.96,2034,2912,835,
1760,914.26,2021.67,2855,859,
1761,914.57,2004,2870,878,
1762,914.87,2021.67,2895,871,
1763,915.17,2031,2912,863,
1764,915.48,2022.67,2900,880,
1765,915.78,2018.67,2866,867,
1766,916.08,2017.33,2881,844,
1767,916.39,2009.67,2879,863,
1768,916.69,2004,2830,854,
1769,916.99,1992,2876,856,
1770,917.3,2001.67,2838,858,
1771,917.6,2000.33,2868,863,
1772,917.9,2009,2862,846,
1773,918.21,1986,2847,841,
1774,918.51,1971.67,2805,869,
1775,918.81,1963.67,2834,861,
1776,919.12,1967,2836,854,
1777,919.42,1954.33,2815,869,
1778,919.72,1945.67,2813,878,
1779,920.03,1936.67,2815,859,
1780,920.33,1942.33,2777,858,
1781,920.63,1931.33,2800,848,
1782,920.94,1937.33,2788,865,
1783,921.24,1928.33,2785,848,
1784,921.54,1922,2786,861,
1785,921.84,1922.33,2756,852,
1786,922.15,1915.33,2786,848,
1787,922.45,1913,2775,871,
1788,922.75,1903,2760,863,
1789,923.05,1908,2766,858,
1790,923.36,1913,2792,873,
1791,923.66,1913,2775,863,
1792,923.96,1918.67,2769,861,
1793,924.26,1934.33,2788,852,
1794,924.57,1935.67,2817,858,
1795,924.87,1929,2779,867,
1796,925.17,1907.33,2764,848,
1797,925.47,1901,2752,858,
1798,925.78,1878.67,2760,867,
1799,926.08,1878.33,2718,869,
1800,926.38,1886,2745,852,
1801,926.68,1899.33,2766,850,
1802,926.98,1883,2756,867,
1803,927.29,1863.33,2705,861,
1804,927.59,1871,2728,871,
1805,927.89,1896.33,2779,867,
1806,928.19,1907,2766,846,
1807,928.49,1889.33,2735,846,
1808,928.8,1848.67,2722,863,
1809,929.1,1827,2688,890,
1810,929.4,1815,2678,854,
1811,929.7,1818,2686,863,
1812,930,1825.33,2659,852,
1813,930.3,1833,2707,861,
1814,930.6,1846.33,2709,863,
1815,930.91,1846.67,2722,875,
1816,931.21,1840,2718,871,
1817,931.51,1839.67,2695,869,
1818,931.81,1828,2705,859,
1819,932.11,1820.67,2673,861,
1820,932.41,1813.67,2673,869,
1821,932.71,1795.67,2688,863,
1822,933.02,1790,2633,875,
1823,933.32,1789.33,2650,863,
1824,933.62,1816.67,2673,850,
1825,933.92,1823,2699,859,
1826,934.22,1830.33,2652,846,
1827,934.52,1816,2703,858,
1828,934.82,1816.67,2655,858,
1829,935.12,1803,2671,863,
1830,935.42,1814,2663,859,
1831,935.72,1808.67,2688,858,
1832,936.02,1803,2661,869,
1833,936.32,1804.33,2648,861,
1834,936.63,1802,2686,852,
1835,936.93,1784,2646,861,
1836,937.23,1777.33,2619,886,
1837,937.53,1801.33,2655,841,
1838,937.83,1817.33,2699,842,
1839,938.13,1808,2652,871,
1840,938.43,1786.33,2636,850,
1841,938.73,1819,2650,858,
1842,939.03,1812.67,2659,780,
1843,939.33,1790,2608,841,
1844,939.63,1740.67,2589,865,
1845,939.93,1723,2600,869,
1846,940.23,1732.33,2598,884,
1847,940.53,1743,2600,848,
1848,940.83,1755.67,2621,858,
1849,941.13,1748.67,2604,852,
1850,941.43,1754.33,2589,858,
1851,941.73,1757,2617,837,
1852,942.03,1756.33,2597,837,
1853,942.33,1742,2604,875,
1854,942.63,1736.67,2598,861,
1855,942.93,1731.67,2600,856,
1856,943.23,1726,2581,867,
1857,943.53,1716,2597,877,
1858,943.83,1722.67,2579,865,
1859,944.13,1722,2576,842,
1860,944.43,1734.67,2581,863,
1861,944.72,1723,2610,858,
1862,945.02,1727.67,2574,875,
1863,945.32,1708.67,2595,863,
1864,945.62,1715,2553,858,
1865,945.92,1689.67,2568,850,
1866,946.22,1687.33,2523,867,
1867,946.52,1677.67,2547,859,
1868,946.82,1694,2543,854,
1869,947.12,1680,2566,861,
1870,947.42,1669.33,2534,888,
1871,947.72,1657,2515,858,
1872,948.01,1665.33,2524,856,
1873,948.31,1678,2540,869,
1874,948.61,1678,2566,871,
1875,948.91,1680.33,2524,856,
1876,949.21,1686,2536,858,
1877,949.51,1690,2568,856,
1878,949.81,1682.67,2543,863,
1879,950.11,1662.67,2515,859,
1880,950.4,1653.67,2511,859,
1881,950.7,1650.33,2511,858,
1882,951,1637.33,2509,863,
1883,951.3,1633.67,2486,873,
1884,951.6,1639.33,2515,873,
1885,951.9,1646.67,2505,842,
1886,952.19,1654.33,2494,859,
1887,952.49,1640.33,2534,869,
1888,952.79,1626.67,2488,867,
1889,953.09,1597.67,2448,854,
1890,953.39,1593.33,2443,865,
1891,953.68,1591,2460,852,
1892,953.98,1581.33,2433,846,
1893,954.28,1579,2426,877,
1894,954.58,1587.67,2466,865,
1895,954.88,1595.33,2471,858,
1896,955.17,1580,2426,854,
1897,955.47,1557.33,2416,861,
1898,955.77,1549.67,2418,873,
1899,956.07,1546.33,2407,858,
1900,956.36,1551,2401,856,
1901,956.66,1540.67,2445,886,
1902,956.96,1540.67,2376,858,
1903,957.26,1532.67,2399,854,
1904,957.55,1528.33,2374,839,
1905,957.85,1522.67,2359,854,
1906,958.15,1511,2380,852,
1907,958.45,1511.33,2348,848,
1908,958.74,1492.67,2348,842,
1909,959.04,1478.67,2333,861,
1910,959.34,1457,2317,859,
1911,959.63,1463,2321,880,
1912,959.93,1478.33,2344,854,
1913,960.23,1494.67,2350,846,
1914,960.53,1484,2348,858,
1915,960.82,1483,2327,869,
1916,961.12,1470,2340,839,
1917,961.42,1468.67,2299,848,
1918,961.71,1454,2306,852,
1919,962.01,1456.67,2316,859,
1920,962.31,1469,2317,858,
1921,962.6,1464.33,2333,842,
1922,962.9,1450.67,2306,863,
1923,963.2,1431,2283,865,
1924,963.49,1431,2293,861,
1925,963.79,1433.67,2306,863,
1926,964.09,1426.33,2276,850,
1927,964.38,1417.33,2266,856,
1928,964.68,1417.33,2283,867,
1929,964.97,1435,2287,861,
1930,965.27,1439.67,2300,837,
1931,965.57,1437,2278,848,
1932,965.86,1419.67,2295,877,
1933,966.16,1409,2270,859,
1934,966.45,1394.33,2257,859,
1935,966.75,1397.67,2264,890,
1936,967.05,1391.33,2280,859,
1937,967.34,1407.33,2238,859,
1938,967.64,1405.33,2289,867,
1939,967.93,1427.33,2278,863,
1940,968.23,1415.33,2295,850,
1941,968.52,1401.33,2249,863,
1942,968.82,1391,2251,878,
1943,969.12,1399.33,2268,854,
1944,969.41,1396.67,2253,842,
1945,969.71,1378.67,2242,877,
1946,970,1370.33,2223,863,
1947,970.3,1369.67,2236,850,
1948,970.59,1380.33,2215,852,
1949,970.89,1378.67,2240,848,
1950,971.18,1392,2242,861,
1951,971.48,1382,2266,863,
1952,971.77,1368,2223,861,
1953,972.07,1341.33,2200,861,
1954,972.36,1336.67,2175,852,
1955,972.66,1340.33,2202,854,
1956,972.95,1345,2221,871,
1957,973.25,1326.67,2187,850,
1958,973.54,1311.33,2145,852,
1959,973.84,1298.67,2171,867,
1960,974.13,1309.33,2162,863,
1961,974.43,1307.67,2179,854,
1962,974.72,1283.67,2158,859,
1963,975.02,1263,2128,901,
1964,975.31,1254.67,2126,863,
1965,975.61,1266,2128,854,
1966,975.9,1262,2128,867,
1967,976.19,1268.33,2122,871,
1968,976.49,1275.33,2141,848,
1969,976.78,1276,2141,859,
1970,977.08,1265.67,2097,844,
1971,977.37,1262.33,2116,854,
1972,977.67,1256,2130,858,
1973,977.96,1241.67,2103,869,
1974,978.25,1231.67,2071,852,
1975,978.55,1217,2105,863,
1976,978.84,1202.33,2065,875,
1977,979.14,1208.67,2042,867,
1978,979.43,1221.33,2111,850,
1979,979.72,1233.33,2084,856,
1980,980.02,1221.67,2069,858,
1981,980.31,1225.33,2080,854,
1982,980.6,1230.33,2097,858,
1983,980.9,1232,2084,858,
1984,981.19,1233.33,2073,842,
1985,981.48,1228.33,2093,850,
1986,981.78,1221,2080,869,
1987,982.07,1209.33,2074,865,
1988,982.36,1219.33,2052,844,
1989,982.66,1207,2112,871,
1990,982.95,1204,2050,878,
1991,983.24,1193,2057,858,
1992,983.54,1196.67,2071,863,
1993,983.83,1183,2029,846,
1994,984.12,1172,2014,856,
1995,984.42,1154.67,2025,850,
1996,984.71,1153.67,1989,858,
1997,985,1147.33,2014,859,
1998,985.3,1158.33,2008,852,
1999,985.59,1167,2018,854,
2000,985.88,1170.67,2050,869,
2001,986.17,1176,2019,852,
2002,986.47,1153.67,2038,858,
2003,986.76,1138,1985,871,
2004,987.05,1111,1974,854,
2005,987.34,1107.33,1955,856,
2006,987.64,1106.67,1972,869,
2007,987.93,1101.67,1995,877,
2008,988.22,1110,1938,854,
2009,988.51,1107,1980,852,
2010,988.81,1106,1978,869,
2011,989.1,1095.67,1942,861,
2012,989.39,1089,1955,858,
2013,989.68,1091,1945,856,
2014,989.97,1088,1945,858,
2015,990.27,1086.33,1949,861,
2016,990.56,1081.67,1951,867,
2017,990.85,1071.33,1944,871,
2018,991.14,1072,1911,854,
2019,991.43,1073.67,1944,858,
2020,991.72,1067,1949,871,
2021,992.02,1042.33,1919,882,
2022,992.31,1027.33,1868,856,
2023,992.6,1035.67,1881,848,
2024,992.89,1045,1921,859,
2025,993.18,1046,1896,856,
2026,993.47,1041.67,1888,852,
2027,993.77,1038.67,1926,877,
2028,994.06,1041.33,1900,869,
2029,994.35,1025.33,1890,846,
2030,994.64,1032,1860,859,
2031,994.93,1020,1909,858,
2032,995.22,1026,1873,865,
2033,995.51,1013,1877,858,
2034,995.8,1002.67,1871,859,
2035,996.09,1001,1852,875,
2036,996.39,999,1858,844,
2037,996.68,1013,1862,856,
2038,996.97,1002.67,1875,856,
2039,997.26,987,1854,871,
2040,997.55,958.33,1809,850,
2041,997.84,938,1813,880,
2042,998.13,923,1795,873,
2043,998.42,908.67,1792,878,
2044,998.71,911.67,1763,873,
2045,999,905,1792,861,
2046,999.29,910,1761,867,
2047,999.58,905,1776,871,
