INNOSPECTRA_NIR,ARCOPTIX_NIR,WASATCH_NIR,WASATCH_VISNIR
901.07,900.25,948.59,341.78
904.97,900.58,950.17,342.11
908.87,900.9,951.76,342.44
914.05,901.23,953.34,342.77
917.94,901.55,954.92,343.1
921.82,901.88,956.5,343.43
925.7,902.2,958.08,343.76
929.57,902.53,959.66,344.09
933.44,902.85,961.24,344.42
937.3,903.18,962.83,344.75
941.16,903.51,964.41,345.09
945.02,903.83,965.99,345.42
950.15,904.16,967.57,345.75
954.0,904.49,969.15,346.08
957.84,904.81,970.73,346.41
961.67,905.14,972.32,346.74
965.51,905.47,973.9,347.07
969.34,905.8,975.48,347.4
973.16,906.13,977.06,347.73
976.98,906.45,978.64,348.06
980.79,906.78,980.22,348.4
985.87,907.11,981.81,348.73
989.68,907.44,983.39,349.06
993.48,907.77,984.97,349.39
997.28,908.1,986.55,349.72
1001.07,908.43,988.13,350.05
1004.86,908.76,989.72,350.38
1008.64,909.09,991.3,350.71
1012.42,909.42,992.88,351.04
1016.2,909.75,994.46,351.37
1021.23,910.08,996.04,351.71
1024.99,910.42,997.62,352.04
1028.75,910.75,999.21,352.37
1032.51,911.08,1000.79,352.7
1036.26,911.41,1002.37,353.03
1040.01,911.74,1003.95,353.36
1043.75,912.08,1005.53,353.69
1047.49,912.41,1007.12,354.02
1051.23,912.74,1008.7,354.36
1056.2,913.08,1010.28,354.69
1059.93,913.41,1011.86,355.02
1063.65,913.74,1013.44,355.35
1067.36,914.08,1015.02,355.68
1071.08,914.41,1016.6,356.01
1074.79,914.75,1018.19,356.34
1078.49,915.08,1019.77,356.67
1082.19,915.42,1021.35,357.01
1085.88,915.75,1022.93,357.34
1090.8,916.09,1024.51,357.67
1094.49,916.42,1026.09,358.0
1098.17,916.76,1027.68,358.33
1101.85,917.09,1029.26,358.66
1105.52,917.43,1030.84,358.99
1109.19,917.77,1032.42,359.33
1112.85,918.11,1034.0,359.66
1116.51,918.44,1035.58,359.99
1120.17,918.78,1037.16,360.32
1125.03,919.12,1038.74,360.65
1128.68,919.46,1040.32,360.98
1132.32,919.79,1041.91,361.31
1135.96,920.13,1043.49,361.65
1139.59,920.47,1045.07,361.98
1143.22,920.81,1046.65,362.31
1146.84,921.15,1048.23,362.64
1150.46,921.49,1049.81,362.97
1154.07,921.83,1051.39,363.3
1158.89,922.17,1052.97,363.63
1162.49,922.51,1054.55,363.97
1166.09,922.85,1056.13,364.3
1169.69,923.19,1057.71,364.63
1173.28,923.53,1059.29,364.96
1176.87,923.87,1060.87,365.29
1180.46,924.21,1062.45,365.62
1184.03,924.56,1064.03,365.95
1187.61,924.9,1065.61,366.29
1192.37,925.24,1067.19,366.62
1195.94,925.58,1068.77,366.95
1199.5,925.93,1070.35,367.28
1203.05,926.27,1071.93,367.61
1206.6,926.61,1073.51,367.94
1210.15,926.96,1075.09,368.28
1213.7,927.3,1076.67,368.61
1217.24,927.64,1078.25,368.94
1220.77,927.99,1079.83,369.27
1225.48,928.33,1081.41,369.6
1229.0,928.68,1082.99,369.93
1232.52,929.02,1084.57,370.27
1236.04,929.37,1086.15,370.6
1239.55,929.71,1087.72,370.93
1243.06,930.06,1089.3,371.26
1246.56,930.41,1090.88,371.59
1250.06,930.75,1092.46,371.92
1253.56,931.1,1094.04,372.26
1258.21,931.45,1095.62,372.59
1261.7,931.79,1097.2,372.92
1265.18,932.14,1098.77,373.25
1268.65,932.49,1100.35,373.58
1272.13,932.84,1101.93,373.92
1275.59,933.18,1103.51,374.25
1279.06,933.53,1105.09,374.58
1282.52,933.88,1106.66,374.91
1285.97,934.23,1108.24,375.24
1290.57,934.58,1109.82,375.57
1294.02,934.93,1111.4,375.91
1297.46,935.28,1112.97,376.24
1300.89,935.63,1114.55,376.57
1304.33,935.98,1116.13,376.9
1307.75,936.33,1117.7,377.23
1311.18,936.68,1119.28,377.57
1314.6,937.03,1120.86,377.9
1318.01,937.38,1122.43,378.23
1322.56,937.73,1124.01,378.56
1325.96,938.09,1125.59,378.89
1329.36,938.44,1127.16,379.23
1332.76,938.79,1128.74,379.56
1336.15,939.14,1130.31,379.89
1339.54,939.5,1131.89,380.22
1342.92,939.85,1133.46,380.55
1346.3,940.2,1135.04,380.89
1349.68,940.56,1136.61,381.22
1354.17,940.91,1138.19,381.55
1357.54,941.27,1139.76,381.88
1360.9,941.62,1141.34,382.21
1364.25,941.97,1142.91,382.55
1367.61,942.33,1144.49,382.88
1370.95,942.68,1146.06,383.21
1374.3,943.04,1147.64,383.54
1377.64,943.4,1149.21,383.87
1380.97,943.75,1150.78,384.21
1385.41,944.11,1152.36,384.54
1388.74,944.47,1153.93,384.87
1392.06,944.82,1155.51,385.2
1395.37,945.18,1157.08,385.53
1398.68,945.54,1158.65,385.87
1401.99,945.89,1160.22,386.2
1405.3,946.25,1161.8,386.53
1408.59,946.61,1163.37,386.86
1411.89,946.97,1164.94,387.19
1416.28,947.33,1166.51,387.53
1419.56,947.69,1168.09,387.86
1422.84,948.05,1169.66,388.19
1426.12,948.41,1171.23,388.52
1429.39,948.77,1172.8,388.86
1432.66,949.13,1174.37,389.19
1435.92,949.49,1175.94,389.52
1439.18,949.85,1177.51,389.85
1442.43,950.21,1179.09,390.18
1446.77,950.57,1180.66,390.52
1450.01,950.93,1182.23,390.85
1453.25,951.29,1183.8,391.18
1456.49,951.66,1185.37,391.51
1459.72,952.02,1186.94,391.84
1462.95,952.38,1188.51,392.18
1466.17,952.74,1190.08,392.51
1469.39,953.11,1191.65,392.84
1472.61,953.47,1193.21,393.17
1476.89,953.83,1194.78,393.51
1480.09,954.2,1196.35,393.84
1483.29,954.56,1197.92,394.17
1486.49,954.93,1199.49,394.5
1489.68,955.29,1201.06,394.84
1492.87,955.66,1202.62,395.17
1496.05,956.02,1204.19,395.5
1499.23,956.39,1205.76,395.83
1502.4,956.75,1207.33,396.16
1506.63,957.12,1208.89,396.5
1509.79,957.49,1210.46,396.83
1512.96,957.85,1212.03,397.16
1516.11,958.22,1213.59,397.49
1519.26,958.59,1215.16,397.83
1522.41,958.96,1216.73,398.16
1525.55,959.32,1218.29,398.49
1528.69,959.69,1219.86,398.82
1531.83,960.06,1221.42,399.16
1536.0,960.43,1222.99,399.49
1539.13,960.8,1224.55,399.82
1542.25,961.17,1226.12,400.15
1545.36,961.54,1227.68,400.49
1548.47,961.91,1229.25,400.82
1551.58,962.28,1230.81,401.15
1554.68,962.65,1232.37,401.48
1557.78,963.02,1233.94,401.82
1560.88,963.39,1235.5,402.15
1565.0,963.76,1237.06,402.48
1568.08,964.13,1238.63,402.81
1571.16,964.51,1240.19,403.14
1574.24,964.88,1241.75,403.48
1577.31,965.25,1243.31,403.81
1580.38,965.62,1244.88,404.14
1583.44,966.0,1246.44,404.47
1586.5,966.37,1248.0,404.81
1589.55,966.74,1249.56,405.14
1593.62,967.12,1251.12,405.47
1596.66,967.49,1252.68,405.8
1599.71,967.87,1254.24,406.14
1602.74,968.24,1255.8,406.47
1605.77,968.62,1257.36,406.8
1608.8,968.99,1258.92,407.13
1611.82,969.37,1260.48,407.47
1614.84,969.74,1262.04,407.8
1617.86,970.12,1263.6,408.13
1621.87,970.5,1265.16,408.47
1624.87,970.87,1266.71,408.8
1627.87,971.25,1268.27,409.13
1630.87,971.63,1269.83,409.46
1633.86,972.01,1271.39,409.8
1636.85,972.38,1272.94,410.13
1639.83,972.76,1274.5,410.46
1642.81,973.14,1276.06,410.79
1645.79,973.52,1277.61,411.13
1649.75,973.9,1279.17,411.46
1652.71,974.28,1280.73,411.79
1655.67,974.66,1282.28,412.12
1658.63,975.04,1283.84,412.46
1661.58,975.42,1285.39,412.79
1664.52,975.8,1286.95,413.12
1667.47,976.18,1288.5,413.45
1670.41,976.56,1290.05,413.79
1673.34,976.94,1291.61,414.12
1677.25,977.33,1293.16,414.45
1680.17,977.71,1294.71,414.78
1683.09,978.09,1296.27,415.12
1686.01,978.47,1297.82,415.45
1688.92,978.86,1299.37,415.78
1691.83,979.24,1300.92,416.12
1694.73,979.62,1302.47,416.45
1697.63,980.01,1304.03,416.78
1700.52,980.39,1305.58,417.11
,980.78,1307.13,417.45
,981.16,1308.68,417.78
,981.55,1310.23,418.11
,981.93,1311.78,418.44
,982.32,1313.33,418.78
,982.7,1314.88,419.11
,983.09,1316.43,419.44
,983.48,1317.97,419.78
,983.86,1319.52,420.11
,984.25,1321.07,420.44
,984.64,1322.62,420.77
,985.03,1324.17,421.11
,985.42,1325.71,421.44
,985.8,1327.26,421.77
,986.19,1328.81,422.1
,986.58,1330.35,422.44
,986.97,1331.9,422.77
,987.36,1333.44,423.1
,987.75,1334.99,423.44
,988.14,1336.53,423.77
,988.53,1338.08,424.1
,988.92,1339.62,424.43
,989.32,1341.16,424.77
,989.71,1342.71,425.1
,990.1,1344.25,425.43
,990.49,1345.79,425.76
,990.88,1347.33,426.1
,991.28,1348.88,426.43
,991.67,1350.42,426.76
,992.06,1351.96,427.1
,992.46,1353.5,427.43
,992.85,1355.04,427.76
,993.25,1356.58,428.09
,993.64,1358.12,428.43
,994.04,1359.66,428.76
,994.43,1361.2,429.09
,994.83,1362.74,429.43
,995.22,1364.28,429.76
,995.62,1365.81,430.09
,996.02,1367.35,430.42
,996.41,1368.89,430.76
,996.81,1370.43,431.09
,997.21,1371.96,431.42
,997.61,1373.5,431.76
,998.0,1375.03,432.09
,998.4,1376.57,432.42
,998.8,1378.1,432.75
,999.2,1379.64,433.09
,999.6,1381.17,433.42
,1000.0,1382.71,433.75
,1000.4,1384.24,434.09
,1000.8,1385.77,434.42
,1001.2,1387.31,434.75
,1001.6,1388.84,435.09
,1002.0,1390.37,435.42
,1002.41,1391.9,435.75
,1002.81,1393.43,436.08
,1003.21,1394.96,436.42
,1003.61,1396.49,436.75
,1004.02,1398.02,437.08
,1004.42,1399.55,437.42
,1004.82,1401.08,437.75
,1005.23,1402.61,438.08
,1005.63,1404.14,438.41
,1006.04,1405.67,438.75
,1006.44,1407.2,439.08
,1006.85,1408.72,439.41
,1007.25,1410.25,439.75
,1007.66,1411.78,440.08
,1008.06,1413.3,440.41
,1008.47,1414.83,440.74
,1008.88,1416.35,441.08
,1009.29,1417.88,441.41
,1009.69,1419.4,441.74
,1010.1,1420.92,442.08
,1010.51,1422.45,442.41
,1010.92,1423.97,442.74
,1011.33,1425.49,443.08
,1011.74,1427.02,443.41
,1012.15,1428.54,443.74
,1012.56,1430.06,444.07
,1012.97,1431.58,444.41
,1013.38,1433.1,444.74
,1013.79,1434.62,445.07
,1014.2,1436.14,445.41
,1014.61,1437.66,445.74
,1015.02,1439.18,446.07
,1015.43,1440.7,446.41
,1015.85,1442.21,446.74
,1016.26,1443.73,447.07
,1016.67,1445.25,447.4
,1017.09,1446.76,447.74
,1017.5,1448.28,448.07
,1017.92,1449.8,448.4
,1018.33,1451.31,448.74
,1018.74,1452.83,449.07
,1019.16,1454.34,449.4
,1019.58,1455.85,449.74
,1019.99,1457.37,450.07
,1020.41,1458.88,450.4
,1020.82,1460.39,450.73
,1021.24,1461.9,451.07
,1021.66,1463.42,451.4
,1022.08,1464.93,451.73
,1022.49,1466.44,452.07
,1022.91,1467.95,452.4
,1023.33,1469.46,452.73
,1023.75,1470.97,453.07
,1024.17,1472.48,453.4
,1024.59,1473.98,453.73
,1025.01,1475.49,454.06
,1025.43,1477.0,454.4
,1025.85,1478.51,454.73
,1026.27,1480.01,455.06
,1026.69,1481.52,455.4
,1027.12,1483.02,455.73
,1027.54,1484.53,456.06
,1027.96,1486.03,456.4
,1028.38,1487.54,456.73
,1028.81,1489.04,457.06
,1029.23,1490.54,457.4
,1029.65,1492.04,457.73
,1030.08,1493.55,458.06
,1030.5,1495.05,458.39
,1030.93,1496.55,458.73
,1031.35,1498.05,459.06
,1031.78,1499.55,459.39
,1032.2,1501.05,459.73
,1032.63,1502.55,460.06
,1033.06,1504.05,460.39
,1033.48,1505.54,460.73
,1033.91,1507.04,461.06
,1034.34,1508.54,461.39
,1034.77,1510.04,461.73
,1035.2,1511.53,462.06
,1035.63,1513.03,462.39
,1036.05,1514.52,462.72
,1036.48,1516.02,463.06
,1036.91,1517.51,463.39
,1037.34,1519.0,463.72
,1037.78,1520.5,464.06
,1038.21,1521.99,464.39
,1038.64,1523.48,464.72
,1039.07,1524.97,465.06
,1039.5,1526.46,465.39
,1039.93,1527.95,465.72
,1040.37,1529.44,466.06
,1040.8,1530.93,466.39
,1041.23,1532.42,466.72
,1041.67,1533.91,467.05
,1042.1,1535.4,467.39
,1042.54,1536.88,467.72
,1042.97,1538.37,468.05
,1043.41,1539.86,468.39
,1043.84,1541.34,468.72
,1044.28,1542.83,469.05
,1044.71,1544.31,469.39
,1045.15,1545.79,469.72
,1045.59,1547.28,470.05
,1046.03,1548.76,470.38
,1046.46,1550.24,470.72
,1046.9,1551.72,471.05
,1047.34,1553.2,471.38
,1047.78,1554.69,471.72
,1048.22,1556.17,472.05
,1048.66,1557.64,472.38
,1049.1,1559.12,472.72
,1049.54,1560.6,473.05
,1049.98,1562.08,473.38
,1050.42,1563.56,473.72
,1050.86,1565.03,474.05
,1051.3,1566.51,474.38
,1051.75,1567.98,474.71
,1052.19,1569.46,475.05
,1052.63,1570.93,475.38
,1053.07,1572.41,475.71
,1053.52,1573.88,476.05
,1053.96,1575.35,476.38
,1054.41,1576.83,476.71
,1054.85,1578.3,477.05
,1055.3,1579.77,477.38
,1055.74,1581.24,477.71
,1056.19,1582.71,478.05
,1056.64,1584.18,478.38
,1057.08,1585.65,478.71
,1057.53,1587.11,479.04
,1057.98,1588.58,479.38
,1058.43,1590.05,479.71
,1058.87,1591.51,480.04
,1059.32,1592.98,480.38
,1059.77,1594.44,480.71
,1060.22,1595.91,481.04
,1060.67,1597.37,481.38
,1061.12,1598.84,481.71
,1061.57,1600.3,482.04
,1062.02,1601.76,482.38
,1062.47,1603.22,482.71
,1062.93,1604.68,483.04
,1063.38,1606.14,483.37
,1063.83,1607.6,483.71
,1064.28,1609.06,484.04
,1064.74,1610.52,484.37
,1065.19,1611.98,484.71
,1065.64,1613.43,485.04
,1066.1,1614.89,485.37
,1066.55,1616.35,485.71
,1067.01,1617.8,486.04
,1067.46,1619.26,486.37
,1067.92,1620.71,486.7
,1068.38,1622.16,487.04
,1068.83,1623.62,487.37
,1069.29,1625.07,487.7
,1069.75,1626.52,488.04
,1070.21,1627.97,488.37
,1070.66,1629.42,488.7
,1071.12,1630.87,489.04
,1071.58,1632.32,489.37
,1072.04,1633.77,489.7
,1072.5,1635.22,490.03
,1072.96,1636.66,490.37
,1073.42,1638.11,490.7
,1073.88,1639.55,491.03
,1074.34,1641.0,491.37
,1074.81,1642.44,491.7
,1075.27,1643.89,492.03
,1075.73,1645.33,492.37
,1076.19,1646.77,492.7
,1076.66,1648.22,493.03
,1077.12,1649.66,493.36
,1077.59,1651.1,493.7
,1078.05,1652.54,494.03
,1078.52,1653.98,494.36
,1078.98,1655.42,494.7
,1079.45,1656.85,495.03
,1079.91,1658.29,495.36
,1080.38,1659.73,495.7
,1080.85,1661.16,496.03
,1081.31,1662.6,496.36
,1081.78,1664.03,496.69
,1082.25,1665.47,497.03
,1082.72,1666.9,497.36
,1083.19,1668.33,497.69
,1083.66,1669.77,498.03
,1084.13,1671.2,498.36
,1084.6,1672.63,498.69
,1085.07,1674.06,499.03
,1085.54,1675.49,499.36
,1086.01,1676.92,499.69
,1086.48,1678.34,500.02
,1086.96,1679.77,500.36
,1087.43,1681.2,500.69
,1087.9,1682.62,501.02
,1088.38,1684.05,501.36
,1088.85,1685.47,501.69
,1089.32,1686.9,502.02
,1089.8,1688.32,502.35
,1090.27,1689.74,502.69
,1090.75,1691.16,503.02
,1091.23,1692.58,503.35
,1091.7,1694.0,503.69
,1092.18,1695.42,504.02
,1092.66,1696.84,504.35
,1093.14,1698.26,504.68
,1093.61,1699.68,505.02
,1094.09,1701.1,505.35
,1094.57,1702.51,505.68
,1095.05,1703.93,506.02
,1095.53,1705.34,506.35
,1096.01,1706.76,506.68
,1096.49,1708.17,507.02
,1096.97,1709.58,507.35
,1097.45,1710.99,507.68
,1097.94,1712.4,508.01
,1098.42,1713.81,508.35
,1098.9,1715.22,508.68
,1099.38,1716.63,509.01
,1099.87,1718.04,509.35
,1100.35,1719.45,509.68
,1100.84,1720.85,510.01
,1101.32,1722.26,510.34
,1101.81,1723.67,510.68
,1102.29,1725.07,511.01
,1102.78,1726.47,511.34
,1103.27,1727.88,511.67
,1103.75,,512.01
,1104.24,,512.34
,1104.73,,512.67
,1105.22,,513.01
,1105.71,,513.34
,1106.19,,513.67
,1106.68,,514.0
,1107.17,,514.34
,1107.67,,514.67
,1108.16,,515.0
,1108.65,,515.34
,1109.14,,515.67
,1109.63,,516.0
,1110.12,,516.33
,1110.62,,516.67
,1111.11,,517.0
,1111.61,,517.33
,1112.1,,517.66
,1112.59,,518.0
,1113.09,,518.33
,1113.59,,518.66
,1114.08,,519.0
,1114.58,,519.33
,1115.08,,519.66
,1115.57,,519.99
,1116.07,,520.33
,1116.57,,520.66
,1117.07,,520.99
,1117.57,,521.32
,1118.07,,521.66
,1118.57,,521.99
,1119.07,,522.32
,1119.57,,522.66
,1120.07,,522.99
,1120.57,,523.32
,1121.08,,523.65
,1121.58,,523.99
,1122.08,,524.32
,1122.59,,524.65
,1123.09,,524.98
,1123.6,,525.32
,1124.1,,525.65
,1124.61,,525.98
,1125.11,,526.31
,1125.62,,526.65
,1126.13,,526.98
,1126.63,,527.31
,1127.14,,527.65
,1127.65,,527.98
,1128.16,,528.31
,1128.67,,528.64
,1129.18,,528.98
,1129.69,,529.31
,1130.2,,529.64
,1130.71,,529.97
,1131.22,,530.31
,1131.73,,530.64
,1132.25,,530.97
,1132.76,,531.3
,1133.27,,531.64
,1133.79,,531.97
,1134.3,,532.3
,1134.82,,532.63
,1135.33,,532.97
,1135.85,,533.3
,1136.36,,533.63
,1136.88,,533.96
,1137.4,,534.3
,1137.92,,534.63
,1138.43,,534.96
,1138.95,,535.29
,1139.47,,535.63
,1139.99,,535.96
,1140.51,,536.29
,1141.03,,536.62
,1141.55,,536.96
,1142.07,,537.29
,1142.6,,537.62
,1143.12,,537.95
,1143.64,,538.29
,1144.16,,538.62
,1144.69,,538.95
,1145.21,,539.28
,1145.74,,539.61
,1146.26,,539.95
,1146.79,,540.28
,1147.32,,540.61
,1147.84,,540.94
,1148.37,,541.28
,1148.9,,541.61
,1149.43,,541.94
,1149.95,,542.27
,1150.48,,542.61
,1151.01,,542.94
,1151.54,,543.27
,1152.07,,543.6
,1152.6,,543.94
,1153.14,,544.27
,1153.67,,544.6
,1154.2,,544.93
,1154.73,,545.26
,1155.27,,545.6
,1155.8,,545.93
,1156.34,,546.26
,1156.87,,546.59
,1157.41,,546.93
,1157.94,,547.26
,1158.48,,547.59
,1159.02,,547.92
,1159.55,,548.25
,1160.09,,548.59
,1160.63,,548.92
,1161.17,,549.25
,1161.71,,549.58
,1162.25,,549.92
,1162.79,,550.25
,1163.33,,550.58
,1163.87,,550.91
,1164.42,,551.24
,1164.96,,551.58
,1165.5,,551.91
,1166.04,,552.24
,1166.59,,552.57
,1167.13,,552.9
,1167.68,,553.24
,1168.22,,553.57
,1168.77,,553.9
,1169.32,,554.23
,1169.86,,554.56
,1170.41,,554.9
,1170.96,,555.23
,1171.51,,555.56
,1172.06,,555.89
,1172.61,,556.22
,1173.16,,556.56
,1173.71,,556.89
,1174.26,,557.22
,1174.81,,557.55
,1175.36,,557.88
,1175.92,,558.22
,1176.47,,558.55
,1177.02,,558.88
,1177.58,,559.21
,1178.13,,559.54
,1178.69,,559.88
,1179.25,,560.21
,1179.8,,560.54
,1180.36,,560.87
,1180.92,,561.2
,1181.47,,561.54
,1182.03,,561.87
,1182.59,,562.2
,1183.15,,562.53
,1183.71,,562.86
,1184.27,,563.2
,1184.83,,563.53
,1185.4,,563.86
,1185.96,,564.19
,1186.52,,564.52
,1187.08,,564.85
,1187.65,,565.19
,1188.21,,565.52
,1188.78,,565.85
,1189.34,,566.18
,1189.91,,566.51
,1190.48,,566.84
,1191.04,,567.18
,1191.61,,567.51
,1192.18,,567.84
,1192.75,,568.17
,1193.32,,568.5
,1193.89,,568.84
,1194.46,,569.17
,1195.03,,569.5
,1195.6,,569.83
,1196.17,,570.16
,1196.74,,570.49
,1197.32,,570.83
,1197.89,,571.16
,1198.47,,571.49
,1199.04,,571.82
,1199.62,,572.15
,1200.19,,572.48
,1200.77,,572.81
,1201.35,,573.15
,1201.92,,573.48
,1202.5,,573.81
,1203.08,,574.14
,1203.66,,574.47
,1204.24,,574.8
,1204.82,,575.14
,1205.4,,575.47
,1205.98,,575.8
,1206.56,,576.13
,1207.15,,576.46
,1207.73,,576.79
,1208.31,,577.12
,1208.9,,577.46
,1209.48,,577.79
,1210.07,,578.12
,1210.65,,578.45
,1211.24,,578.78
,1211.83,,579.11
,1212.42,,579.44
,1213.0,,579.78
,1213.59,,580.11
,1214.18,,580.44
,1214.77,,580.77
,1215.36,,581.1
,1215.95,,581.43
,1216.55,,581.76
,1217.14,,582.09
,1217.73,,582.43
,1218.32,,582.76
,1218.92,,583.09
,1219.51,,583.42
,1220.11,,583.75
,1220.7,,584.08
,1221.3,,584.41
,1221.9,,584.74
,1222.49,,585.08
,1223.09,,585.41
,1223.69,,585.74
,1224.29,,586.07
,1224.89,,586.4
,1225.49,,586.73
,1226.09,,587.06
,1226.69,,587.39
,1227.3,,587.73
,1227.9,,588.06
,1228.5,,588.39
,1229.11,,588.72
,1229.71,,589.05
,1230.31,,589.38
,1230.92,,589.71
,1231.53,,590.04
,1232.13,,590.37
,1232.74,,590.7
,1233.35,,591.04
,1233.96,,591.37
,1234.57,,591.7
,1235.18,,592.03
,1235.79,,592.36
,1236.4,,592.69
,1237.01,,593.02
,1237.62,,593.35
,1238.24,,593.68
,1238.85,,594.01
,1239.46,,594.34
,1240.08,,594.68
,1240.69,,595.01
,1241.31,,595.34
,1241.93,,595.67
,1242.54,,596.0
,1243.16,,596.33
,1243.78,,596.66
,1244.4,,596.99
,1245.02,,597.32
,1245.64,,597.65
,1246.26,,597.98
,1246.88,,598.31
,1247.5,,598.65
,1248.13,,598.98
,1248.75,,599.31
,1249.38,,599.64
,1250.0,,599.97
,1250.63,,600.3
,1251.25,,600.63
,1251.88,,600.96
,1252.51,,601.29
,1253.13,,601.62
,1253.76,,601.95
,1254.39,,602.28
,1255.02,,602.61
,1255.65,,602.94
,1256.28,,603.27
,1256.91,,603.6
,1257.55,,603.94
,1258.18,,604.27
,1258.81,,604.6
,1259.45,,604.93
,1260.08,,605.26
,1260.72,,605.59
,1261.35,,605.92
,1261.99,,606.25
,1262.63,,606.58
,1263.26,,606.91
,1263.9,,607.24
,1264.54,,607.57
,1265.18,,607.9
,1265.82,,608.23
,1266.46,,608.56
,1267.11,,608.89
,1267.75,,609.22
,1268.39,,609.55
,1269.04,,609.88
,1269.68,,610.21
,1270.33,,610.54
,1270.97,,610.87
,1271.62,,611.2
,1272.26,,611.53
,1272.91,,611.86
,1273.56,,612.19
,1274.21,,612.52
,1274.86,,612.86
,1275.51,,613.19
,1276.16,,613.52
,1276.81,,613.85
,1277.47,,614.18
,1278.12,,614.51
,1278.77,,614.84
,1279.43,,615.17
,1280.08,,615.5
,1280.74,,615.83
,1281.39,,616.16
,1282.05,,616.49
,1282.71,,616.82
,1283.37,,617.15
,1284.03,,617.48
,1284.69,,617.81
,1285.35,,618.14
,1286.01,,618.47
,1286.67,,618.8
,1287.33,,619.13
,1288.0,,619.46
,1288.66,,619.79
,1289.32,,620.12
,1289.99,,620.45
,1290.66,,620.78
,1291.32,,621.11
,1291.99,,621.44
,1292.66,,621.76
,1293.33,,622.09
,1294.0,,622.42
,1294.67,,622.75
,1295.34,,623.08
,1296.01,,623.41
,1296.68,,623.74
,1297.35,,624.07
,1298.03,,624.4
,1298.7,,624.73
,1299.38,,625.06
,1300.05,,625.39
,1300.73,,625.72
,1301.41,,626.05
,1302.08,,626.38
,1302.76,,626.71
,1303.44,,627.04
,1304.12,,627.37
,1304.8,,627.7
,1305.48,,628.03
,1306.17,,628.36
,1306.85,,628.69
,1307.53,,629.02
,1308.22,,629.35
,1308.9,,629.68
,1309.59,,630.01
,1310.27,,630.34
,1310.96,,630.66
,1311.65,,630.99
,1312.34,,631.32
,1313.03,,631.65
,1313.72,,631.98
,1314.41,,632.31
,1315.1,,632.64
,1315.79,,632.97
,1316.48,,633.3
,1317.18,,633.63
,1317.87,,633.96
,1318.57,,634.29
,1319.26,,634.62
,1319.96,,634.95
,1320.66,,635.27
,1321.35,,635.6
,1322.05,,635.93
,1322.75,,636.26
,1323.45,,636.59
,1324.15,,636.92
,1324.85,,637.25
,1325.56,,637.58
,1326.26,,637.91
,1326.96,,638.24
,1327.67,,638.57
,1328.37,,638.89
,1329.08,,639.22
,1329.79,,639.55
,1330.49,,639.88
,1331.2,,640.21
,1331.91,,640.54
,1332.62,,640.87
,1333.33,,641.2
,1334.04,,641.53
,1334.76,,641.86
,1335.47,,642.18
,1336.18,,642.51
,1336.9,,642.84
,1337.61,,643.17
,1338.33,,643.5
,1339.05,,643.83
,1339.76,,644.16
,1340.48,,644.49
,1341.2,,644.81
,1341.92,,645.14
,1342.64,,645.47
,1343.36,,645.8
,1344.09,,646.13
,1344.81,,646.46
,1345.53,,646.79
,1346.26,,647.12
,1346.98,,647.44
,1347.71,,647.77
,1348.44,,648.1
,1349.16,,648.43
,1349.89,,648.76
,1350.62,,649.09
,1351.35,,649.42
,1352.08,,649.74
,1352.81,,650.07
,1353.55,,650.4
,1354.28,,650.73
,1355.01,,651.06
,1355.75,,651.39
,1356.48,,651.71
,1357.22,,652.04
,1357.96,,652.37
,1358.7,,652.7
,1359.43,,653.03
,1360.17,,653.36
,1360.91,,653.68
,1361.66,,654.01
,1362.4,,654.34
,1363.14,,654.67
,1363.88,,655.0
,1364.63,,655.33
,1365.37,,655.65
,1366.12,,655.98
,1366.87,,656.31
,1367.61,,656.64
,1368.36,,656.97
,1369.11,,657.29
,1369.86,,657.62
,1370.61,,657.95
,1371.37,,658.28
,1372.12,,658.61
,1372.87,,658.94
,1373.63,,659.26
,1374.38,,659.59
,1375.14,,659.92
,1375.89,,660.25
,1376.65,,660.57
,1377.41,,660.9
,1378.17,,661.23
,1378.93,,661.56
,1379.69,,661.89
,1380.45,,662.21
,1381.22,,662.54
,1381.98,,662.87
,1382.74,,663.2
,1383.51,,663.53
,1384.27,,663.85
,1385.04,,664.18
,1385.81,,664.51
,1386.58,,664.84
,1387.35,,665.16
,1388.12,,665.49
,1388.89,,665.82
,1389.66,,666.15
,1390.43,,666.47
,1391.21,,666.8
,1391.98,,667.13
,1392.76,,667.46
,1393.53,,667.78
,1394.31,,668.11
,1395.09,,668.44
,1395.87,,668.77
,1396.65,,669.09
,1397.43,,669.42
,1398.21,,669.75
,1398.99,,670.08
,1399.78,,670.4
,1400.56,,670.73
,1401.35,,671.06
,1402.13,,671.39
,1402.92,,671.71
,1403.71,,672.04
,1404.49,,672.37
,1405.28,,672.7
,1406.07,,673.02
,1406.87,,673.35
,1407.66,,673.68
,1408.45,,674.0
,1409.24,,674.33
,1410.04,,674.66
,1410.84,,674.99
,1411.63,,675.31
,1412.43,,675.64
,1413.23,,675.97
,1414.03,,676.29
,1414.83,,676.62
,1415.63,,676.95
,1416.43,,677.27
,1417.23,,677.6
,1418.04,,677.93
,1418.84,,678.26
,1419.65,,678.58
,1420.45,,678.91
,1421.26,,679.24
,1422.07,,679.56
,1422.88,,679.89
,1423.69,,680.22
,1424.5,,680.54
,1425.31,,680.87
,1426.13,,681.2
,1426.94,,681.52
,1427.76,,681.85
,1428.57,,682.18
,1429.39,,682.5
,1430.21,,682.83
,1431.02,,683.16
,1431.84,,683.48
,1432.66,,683.81
,1433.49,,684.14
,1434.31,,684.46
,1435.13,,684.79
,1435.96,,685.12
,1436.78,,685.44
,1437.61,,685.77
,1438.43,,686.1
,1439.26,,686.42
,1440.09,,686.75
,1440.92,,687.07
,1441.75,,687.4
,1442.59,,687.73
,1443.42,,688.05
,1444.25,,688.38
,1445.09,,688.71
,1445.92,,689.03
,1446.76,,689.36
,1447.6,,689.69
,1448.44,,690.01
,1449.28,,690.34
,1450.12,,690.66
,1450.96,,690.99
,1451.8,,691.32
,1452.64,,691.64
,1453.49,,691.97
,1454.33,,692.29
,1455.18,,692.62
,1456.03,,692.95
,1456.88,,693.27
,1457.73,,693.6
,1458.58,,693.92
,1459.43,,694.25
,1460.28,,694.58
,1461.13,,694.9
,1461.99,,695.23
,1462.84,,695.55
,1463.7,,695.88
,1464.56,,696.21
,1465.42,,696.53
,1466.28,,696.86
,1467.14,,697.18
,1468.0,,697.51
,1468.86,,697.83
,1469.72,,698.16
,1470.59,,698.49
,1471.45,,698.81
,1472.32,,699.14
,1473.19,,699.46
,1474.06,,699.79
,1474.93,,700.11
,1475.8,,700.44
,1476.67,,700.76
,1477.54,,701.09
,1478.42,,701.42
,1479.29,,701.74
,1480.17,,702.07
,1481.04,,702.39
,1481.92,,702.72
,1482.8,,703.04
,1483.68,,703.37
,1484.56,,703.69
,1485.44,,704.02
,1486.33,,704.34
,1487.21,,704.67
,1488.1,,704.99
,1488.98,,705.32
,1489.87,,705.64
,1490.76,,705.97
,1491.65,,706.29
,1492.54,,706.62
,1493.43,,706.94
,1494.32,,707.27
,1495.22,,707.59
,1496.11,,707.92
,1497.01,,708.24
,1497.9,,708.57
,1498.8,,708.89
,1499.7,,709.22
,1500.6,,709.54
,1501.5,,709.87
,1502.4,,710.19
,1503.31,,710.52
,1504.21,,710.84
,1505.12,,711.17
,1506.02,,711.49
,1506.93,,711.82
,1507.84,,712.14
,1508.75,,712.47
,1509.66,,712.79
,1510.57,,713.12
,1511.49,,713.44
,1512.4,,713.77
,1513.32,,714.09
,1514.23,,714.42
,1515.15,,714.74
,1516.07,,715.06
,1516.99,,715.39
,1517.91,,715.71
,1518.83,,716.04
,1519.76,,716.36
,1520.68,,716.69
,1521.61,,717.01
,1522.53,,717.34
,1523.46,,717.66
,1524.39,,717.98
,1525.32,,718.31
,1526.25,,718.63
,1527.18,,718.96
,1528.12,,719.28
,1529.05,,719.61
,1529.99,,719.93
,1530.92,,720.25
,1531.86,,720.58
,1532.8,,720.9
,1533.74,,721.23
,1534.68,,721.55
,1535.63,,721.87
,1536.57,,722.2
,1537.52,,722.52
,1538.46,,722.85
,1539.41,,723.17
,1540.36,,723.49
,1541.31,,723.82
,1542.26,,724.14
,1543.21,,724.47
,1544.16,,724.79
,1545.12,,725.11
,1546.07,,725.44
,1547.03,,725.76
,1547.99,,726.08
,1548.95,,726.41
,1549.91,,726.73
,1550.87,,727.06
,1551.83,,727.38
,1552.8,,727.7
,1553.76,,728.03
,1554.73,,728.35
,1555.69,,728.67
,1556.66,,729.0
,1557.63,,729.32
,1558.6,,729.64
,1559.58,,729.97
,1560.55,,730.29
,1561.52,,730.61
,1562.5,,730.94
,1563.48,,731.26
,1564.46,,731.58
,1565.44,,731.91
,1566.42,,732.23
,1567.4,,732.55
,1568.38,,732.88
,1569.37,,733.2
,1570.35,,733.52
,1571.34,,733.85
,1572.33,,734.17
,1573.32,,734.49
,1574.31,,734.82
,1575.3,,735.14
,1576.29,,735.46
,1577.29,,735.78
,1578.28,,736.11
,1579.28,,736.43
,1580.28,,736.75
,1581.28,,737.08
,1582.28,,737.4
,1583.28,,737.72
,1584.28,,738.04
,1585.29,,738.37
,1586.29,,738.69
,1587.3,,739.01
,1588.31,,739.34
,1589.32,,739.66
,1590.33,,739.98
,1591.34,,740.3
,1592.36,,740.63
,1593.37,,740.95
,1594.39,,741.27
,1595.41,,741.59
,1596.42,,741.92
,1597.44,,742.24
,1598.47,,742.56
,1599.49,,742.88
,1600.51,,743.21
,1601.54,,743.53
,1602.56,,743.85
,1603.59,,744.17
,1604.62,,744.5
,1605.65,,744.82
,1606.68,,745.14
,1607.72,,745.46
,1608.75,,745.78
,1609.79,,746.11
,1610.82,,746.43
,1611.86,,746.75
,1612.9,,747.07
,1613.94,,747.4
,1614.99,,747.72
,1616.03,,748.04
,1617.08,,748.36
,1618.12,,748.68
,1619.17,,749.01
,1620.22,,749.33
,1621.27,,749.65
,1622.32,,749.97
,1623.38,,750.29
,1624.43,,750.61
,1625.49,,750.94
,1626.55,,751.26
,1627.6,,751.58
,1628.66,,751.9
,1629.73,,752.22
,1630.79,,752.54
,1631.85,,752.87
,1632.92,,753.19
,1633.99,,753.51
,1635.06,,753.83
,1636.13,,754.15
,1637.2,,754.47
,1638.27,,754.8
,1639.34,,755.12
,1640.42,,755.44
,1641.5,,755.76
,1642.58,,756.08
,1643.66,,756.4
,1644.74,,756.72
,1645.82,,757.04
,1646.9,,757.37
,1647.99,,757.69
,1649.08,,758.01
,1650.17,,758.33
,1651.25,,758.65
,1652.35,,758.97
,1653.44,,759.29
,1654.53,,759.61
,1655.63,,759.94
,1656.73,,760.26
,1657.82,,760.58
,1658.93,,760.9
,1660.03,,761.22
,1661.13,,761.54
,1662.23,,761.86
,1663.34,,762.18
,1664.45,,762.5
,1665.56,,762.82
,1666.67,,763.14
,1667.78,,763.46
,1668.89,,763.79
,1670.01,,764.11
,1671.12,,764.43
,1672.24,,764.75
,1673.36,,765.07
,1674.48,,765.39
,1675.6,,765.71
,1676.73,,766.03
,1677.85,,766.35
,1678.98,,766.67
,1680.11,,766.99
,1681.24,,767.31
,1682.37,,767.63
,1683.5,,767.95
,1684.64,,768.27
,1685.77,,768.59
,1686.91,,768.91
,1688.05,,769.23
,1689.19,,769.55
,1690.33,,769.87
,1691.47,,770.19
,1692.62,,770.51
,1693.77,,770.83
,1694.92,,771.15
,1696.07,,771.47
,1697.22,,771.79
,1698.37,,772.11
,1699.52,,772.43
,1700.68,,772.75
,1701.84,,773.07
,1703.0,,773.39
,1704.16,,773.71
,1705.32,,774.03
,1706.48,,774.35
,1707.65,,774.67
,1708.82,,774.99
,1709.99,,775.31
,1711.16,,775.63
,1712.33,,775.95
,1713.5,,776.27
,1714.68,,776.59
,1715.85,,776.91
,1717.03,,777.23
,1718.21,,777.55
,1719.39,,777.87
,1720.58,,778.19
,1721.76,,778.51
,1722.95,,778.83
,1724.14,,779.15
,1725.33,,779.46
,1726.52,,779.78
,1727.71,,780.1
,1728.91,,780.42
,1730.1,,780.74
,1731.3,,781.06
,1732.5,,781.38
,1733.7,,781.7
,1734.91,,782.02
,1736.11,,782.34
,1737.32,,782.66
,1738.53,,782.98
,1739.74,,783.29
,1740.95,,783.61
,1742.16,,783.93
,1743.38,,784.25
,1744.59,,784.57
,1745.81,,784.89
,1747.03,,785.21
,1748.25,,785.53
,1749.48,,785.84
,1750.7,,786.16
,1751.93,,786.48
,1753.16,,786.8
,1754.39,,787.12
,1755.62,,787.44
,1756.85,,787.76
,1758.09,,788.08
,1759.32,,788.39
,1760.56,,788.71
,1761.8,,789.03
,1763.05,,789.35
,1764.29,,789.67
,1765.54,,789.99
,1766.78,,790.3
,1768.03,,790.62
,1769.29,,790.94
,1770.54,,791.26
,1771.79,,791.58
,1773.05,,791.89
,1774.31,,792.21
,1775.57,,792.53
,1776.83,,792.85
,1778.09,,793.17
,1779.36,,793.49
,1780.63,,793.8
,1781.9,,794.12
,1783.17,,794.44
,1784.44,,794.76
,1785.71,,795.07
,1786.99,,795.39
,1788.27,,795.71
,1789.55,,796.03
,1790.83,,796.35
,1792.11,,796.66
,1793.4,,796.98
,1794.69,,797.3
,1795.98,,797.62
,1797.27,,797.93
,1798.56,,798.25
,1799.86,,798.57
,1801.15,,798.89
,1802.45,,799.2
,1803.75,,799.52
,1805.05,,799.84
,1806.36,,800.16
,1807.66,,800.47
,1808.97,,800.79
,1810.28,,801.11
,1811.59,,801.42
,1812.91,,801.74
,1814.22,,802.06
,1815.54,,802.38
,1816.86,,802.69
,1818.18,,803.01
,1819.51,,803.33
,1820.83,,803.64
,1822.16,,803.96
,1823.49,,804.28
,1824.82,,804.6
,1826.15,,804.91
,1827.49,,805.23
,1828.82,,805.55
,1830.16,,805.86
,1831.5,,806.18
,1832.84,,806.5
,1834.19,,806.81
,1835.54,,807.13
,1836.88,,807.45
,1838.24,,807.76
,1839.59,,808.08
,1840.94,,808.4
,1842.3,,808.71
,1843.66,,809.03
,1845.02,,809.35
,1846.38,,809.66
,1847.75,,809.98
,1849.11,,810.29
,1850.48,,810.61
,1851.85,,810.93
,1853.22,,811.24
,1854.6,,811.56
,1855.98,,811.88
,1857.36,,812.19
,1858.74,,812.51
,1860.12,,812.82
,1861.5,,813.14
,1862.89,,813.46
,1864.28,,813.77
,1865.67,,814.09
,1867.06,,814.4
,1868.46,,814.72
,1869.86,,815.04
,1871.26,,815.35
,1872.66,,815.67
,1874.06,,815.98
,1875.47,,816.3
,1876.88,,816.61
,1878.29,,816.93
,1879.7,,817.25
,1881.11,,817.56
,1882.53,,817.88
,1883.95,,818.19
,1885.37,,818.51
,1886.79,,818.82
,1888.22,,819.14
,1889.64,,819.45
,1891.07,,819.77
,1892.51,,820.08
,1893.94,,820.4
,1895.38,,820.72
,1896.81,,821.03
,1898.25,,821.35
,1899.7,,821.66
,1901.14,,821.98
,1902.59,,822.29
,1904.04,,822.61
,1905.49,,822.92
,1906.94,,823.24
,1908.4,,823.55
,1909.85,,823.87
,1911.31,,824.18
,1912.78,,824.5
,1914.24,,824.81
,1915.71,,825.13
,1917.18,,825.44
,1918.65,,825.75
,1920.12,,826.07
,1921.6,,826.38
,1923.08,,826.7
,1924.56,,827.01
,1926.04,,827.33
,1927.53,,827.64
,1929.01,,827.96
,1930.5,,828.27
,1931.99,,828.59
,1933.49,,828.9
,1934.98,,829.21
,1936.48,,829.53
,1937.98,,829.84
,1939.49,,830.16
,1940.99,,830.47
,1942.5,,830.79
,1944.01,,831.1
,1945.53,,831.41
,1947.04,,831.73
,1948.56,,832.04
,1950.08,,832.36
,1951.6,,832.67
,1953.12,,832.98
,1954.65,,833.3
,1956.18,,833.61
,1957.71,,833.93
,1959.25,,834.24
,1960.78,,834.55
,1962.32,,834.87
,1963.86,,835.18
,1965.41,,835.49
,1966.96,,835.81
,1968.5,,836.12
,1970.06,,836.43
,1971.61,,836.75
,1973.16,,837.06
,1974.72,,837.38
,1976.28,,837.69
,1977.85,,838.0
,1979.41,,838.32
,1980.98,,838.63
,1982.55,,838.94
,1984.13,,839.26
,1985.7,,839.57
,1987.28,,839.88
,1988.86,,840.19
,1990.45,,840.51
,1992.03,,840.82
,1993.62,,841.13
,1995.21,,841.45
,1996.81,,841.76
,1998.4,,842.07
,2000.0,,842.39
,2001.6,,842.7
,2003.21,,843.01
,2004.81,,843.32
,2006.42,,843.64
,2008.03,,843.95
,2009.65,,844.26
,2011.26,,844.58
,2012.88,,844.89
,2014.5,,845.2
,2016.13,,845.51
,2017.76,,845.83
,2019.39,,846.14
,2021.02,,846.45
,2022.65,,846.76
,2024.29,,847.07
,2025.93,,847.39
,2027.58,,847.7
,2029.22,,848.01
,2030.87,,848.32
,2032.52,,848.64
,2034.17,,848.95
,2035.83,,849.26
,2037.49,,849.57
,2039.15,,849.88
,2040.82,,850.2
,2042.48,,850.51
,2044.15,,850.82
,2045.83,,851.13
,2047.5,,851.44
,2049.18,,851.76
,2050.86,,852.07
,2052.55,,852.38
,2054.23,,852.69
,2055.92,,853.0
,2057.61,,853.31
,2059.31,,853.63
,2061.01,,853.94
,2062.71,,854.25
,2064.41,,854.56
,2066.12,,854.87
,2067.82,,855.18
,2069.54,,855.5
,2071.25,,855.81
,2072.97,,856.12
,2074.69,,856.43
,2076.41,,856.74
,2078.14,,857.05
,2079.87,,857.36
,2081.6,,857.67
,2083.33,,857.98
,2085.07,,858.3
,2086.81,,858.61
,2088.55,,858.92
,2090.3,,859.23
,2092.05,,859.54
,2093.8,,859.85
,2095.56,,860.16
,2097.32,,860.47
,2099.08,,860.78
,2100.84,,861.09
,2102.61,,861.4
,2104.38,,861.72
,2106.15,,862.03
,2107.93,,862.34
,2109.7,,862.65
,2111.49,,862.96
,2113.27,,863.27
,2115.06,,863.58
,2116.85,,863.89
,2118.64,,864.2
,2120.44,,864.51
,2122.24,,864.82
,2124.04,,865.13
,2125.85,,865.44
,2127.66,,865.75
,2129.47,,866.06
,2131.29,,866.37
,2133.11,,866.68
,2134.93,,866.99
,2136.75,,867.3
,2138.58,,867.61
,2140.41,,867.92
,2142.25,,868.23
,2144.08,,868.54
,2145.92,,868.85
,2147.77,,869.16
,2149.61,,869.47
,2151.46,,869.78
,2153.32,,870.09
,2155.17,,870.4
,2157.03,,870.71
,2158.89,,871.02
,2160.76,,871.33
,2162.63,,871.64
,2164.5,,871.95
,2166.38,,872.25
,2168.26,,872.56
,2170.14,,872.87
,2172.02,,873.18
,2173.91,,873.49
,2175.81,,873.8
,2177.7,,874.11
,2179.6,,874.42
,2181.5,,874.73
,2183.41,,875.04
,2185.31,,875.35
,2187.23,,875.66
,2189.14,,875.96
,2191.06,,876.27
,2192.98,,876.58
,2194.91,,876.89
,2196.84,,877.2
,2198.77,,877.51
,2200.7,,877.82
,2202.64,,878.13
,2204.59,,878.43
,2206.53,,878.74
,2208.48,,879.05
,2210.43,,879.36
,2212.39,,879.67
,2214.35,,879.98
,2216.31,,880.28
,2218.28,,880.59
,2220.25,,880.9
,2222.22,,881.21
,2224.2,,881.52
,2226.18,,881.83
,2228.16,,882.13
,2230.15,,882.44
,2232.14,,882.75
,2234.14,,883.06
,2236.14,,883.37
,2238.14,,883.67
,2240.14,,883.98
,2242.15,,884.29
,2244.17,,884.6
,2246.18,,884.91
,2248.2,,885.21
,2250.23,,885.52
,2252.25,,885.83
,2254.28,,886.14
,2256.32,,886.44
,2258.36,,886.75
,2260.4,,887.06
,2262.44,,887.37
,2264.49,,887.67
,2266.55,,887.98
,2268.6,,888.29
,2270.66,,888.6
,2272.73,,888.9
,2274.8,,889.21
,2276.87,,889.52
,2278.94,,889.82
,2281.02,,890.13
,2283.11,,890.44
,2285.19,,890.75
,2287.28,,891.05
,2289.38,,891.36
,2291.48,,891.67
,2293.58,,891.97
,2295.68,,892.28
,2297.79,,892.59
,2299.91,,892.89
,2302.03,,893.2
,2304.15,,893.51
,2306.27,,893.81
,2308.4,,894.12
,2310.54,,894.43
,2312.67,,894.73
,2314.81,,895.04
,2316.96,,895.35
,2319.11,,895.65
,2321.26,,895.96
,2323.42,,896.26
,2325.58,,896.57
,2327.75,,896.88
,2329.92,,897.18
,2332.09,,897.49
,2334.27,,897.8
,2336.45,,898.1
,2338.63,,898.41
,2340.82,,898.71
,2343.02,,899.02
,2345.22,,899.33
,2347.42,,899.63
,2349.62,,899.94
,2351.83,,900.24
,2354.05,,900.55
,2356.27,,900.85
,2358.49,,901.16
,2360.72,,901.46
,2362.95,,901.77
,2365.18,,902.08
,2367.42,,902.38
,2369.67,,902.69
,2371.92,,902.99
,2374.17,,903.3
,2376.43,,903.6
,2378.69,,903.91
,2380.95,,904.21
,2383.22,,904.52
,2385.5,,904.82
,2387.77,,905.13
,2390.06,,905.43
,2392.34,,905.74
,2394.64,,906.04
,2396.93,,906.35
,2399.23,,906.65
,2401.54,,906.96
,2403.85,,907.26
,2406.16,,907.57
,2408.48,,907.87
,2410.8,,908.18
,2413.13,,908.48
,2415.46,,908.79
,2417.79,,909.09
,2420.14,,909.4
,2422.48,,909.7
,2424.83,,910.0
,2427.18,,910.31
,2429.54,,910.61
,2431.91,,910.92
,2434.27,,911.22
,2436.65,,911.53
,2439.02,,911.83
,2441.41,,912.13
,2443.79,,912.44
,2446.18,,912.74
,2448.58,,913.05
,2450.98,,913.35
,2453.39,,913.65
,2455.8,,913.96
,2458.21,,914.26
,2460.63,,914.57
,2463.05,,914.87
,2465.48,,915.17
,2467.92,,915.48
,2470.36,,915.78
,2472.8,,916.08
,2475.25,,916.39
,2477.7,,916.69
,2480.16,,916.99
,2482.62,,917.3
,2485.09,,917.6
,2487.56,,917.9
,2490.04,,918.21
,2492.52,,918.51
,2495.01,,918.81
,2497.5,,919.12
,2500.0,,919.42
,2502.5,,919.72
,,,920.03
,,,920.33
,,,920.63
,,,920.94
,,,921.24
,,,921.54
,,,921.84
,,,922.15
,,,922.45
,,,922.75
,,,923.05
,,,923.36
,,,923.66
,,,923.96
,,,924.26
,,,924.57
,,,924.87
,,,925.17
,,,925.47
,,,925.78
,,,926.08
,,,926.38
,,,926.68
,,,926.98
,,,927.29
,,,927.59
,,,927.89
,,,928.19
,,,928.49
,,,928.8
,,,929.1
,,,929.4
,,,929.7
,,,930.0
,,,930.3
,,,930.6
,,,930.91
,,,931.21
,,,931.51
,,,931.81
,,,932.11
,,,932.41
,,,932.71
,,,933.02
,,,933.32
,,,933.62
,,,933.92
,,,934.22
,,,934.52
,,,934.82
,,,935.12
,,,935.42
,,,935.72
,,,936.02
,,,936.32
,,,936.63
,,,936.93
,,,937.23
,,,937.53
,,,937.83
,,,938.13
,,,938.43
,,,938.73
,,,939.03
,,,939.33
,,,939.63
,,,939.93
,,,940.23
,,,940.53
,,,940.83
,,,941.13
,,,941.43
,,,941.73
,,,942.03
,,,942.33
,,,942.63
,,,942.93
,,,943.23
,,,943.53
,,,943.83
,,,944.13
,,,944.43
,,,944.72
,,,945.02
,,,945.32
,,,945.62
,,,945.92
,,,946.22
,,,946.52
,,,946.82
,,,947.12
,,,947.42
,,,947.72
,,,948.01
,,,948.31
,,,948.61
,,,948.91
,,,949.21
,,,949.51
,,,949.81
,,,950.11
,,,950.4
,,,950.7
,,,951.0
,,,951.3
,,,951.6
,,,951.9
,,,952.19
,,,952.49
,,,952.79
,,,953.09
,,,953.39
,,,953.68
,,,953.98
,,,954.28
,,,954.58
,,,954.88
,,,955.17
,,,955.47
,,,955.77
,,,956.07
,,,956.36
,,,956.66
,,,956.96
,,,957.26
,,,957.55
,,,957.85
,,,958.15
,,,958.45
,,,958.74
,,,959.04
,,,959.34
,,,959.63
,,,959.93
,,,960.23
,,,960.53
,,,960.82
,,,961.12
,,,961.42
,,,961.71
,,,962.01
,,,962.31
,,,962.6
,,,962.9
,,,963.2
,,,963.49
,,,963.79
,,,964.09
,,,964.38
,,,964.68
,,,964.97
,,,965.27
,,,965.57
,,,965.86
,,,966.16
,,,966.45
,,,966.75
,,,967.05
,,,967.34
,,,967.64
,,,967.93
,,,968.23
,,,968.52
,,,968.82
,,,969.12
,,,969.41
,,,969.71
,,,970.0
,,,970.3
,,,970.59
,,,970.89
,,,971.18
,,,971.48
,,,971.77
,,,972.07
,,,972.36
,,,972.66
,,,972.95
,,,973.25
,,,973.54
,,,973.84
,,,974.13
,,,974.43
,,,974.72
,,,975.02
,,,975.31
,,,975.61
,,,975.9
,,,976.19
,,,976.49
,,,976.78
,,,977.08
,,,977.37
,,,977.67
,,,977.96
,,,978.25
,,,978.55
,,,978.84
,,,979.14
,,,979.43
,,,979.72
,,,980.02
,,,980.31
,,,980.6
,,,980.9
,,,981.19
,,,981.48
,,,981.78
,,,982.07
,,,982.36
,,,982.66
,,,982.95
,,,983.24
,,,983.54
,,,983.83
,,,984.12
,,,984.42
,,,984.71
,,,985.0
,,,985.3
,,,985.59
,,,985.88
,,,986.17
,,,986.47
,,,986.76
,,,987.05
,,,987.34
,,,987.64
,,,987.93
,,,988.22
,,,988.51
,,,988.81
,,,989.1
,,,989.39
,,,989.68
,,,989.97
,,,990.27
,,,990.56
,,,990.85
,,,991.14
,,,991.43
,,,991.72
,,,992.02
,,,992.31
,,,992.6
,,,992.89
,,,993.18
,,,993.47
,,,993.77
,,,994.06
,,,994.35
,,,994.64
,,,994.93
,,,995.22
,,,995.51
,,,995.8
,,,996.09
,,,996.39
,,,996.68
,,,996.97
,,,997.26
,,,997.55
,,,997.84
,,,998.13
,,,998.42
,,,998.71
,,,999.0
,,,999.29
,,,999.58
